> Task :expo-gradle-plugin:expo-autolinking-plugin-shared:checkKotlinGradlePluginConfigurationErrors SKIPPED
> Task :gradle-plugin:settings-plugin:checkKotlinGradlePluginConfigurationErrors SKIPPED
> Task :gradle-plugin:shared:checkKotlinGradlePluginConfigurationErrors SKIPPED
> Task :expo-gradle-plugin:expo-autolinking-settings-plugin:checkKotlinGradlePluginConfigurationErrors SKIPPED
> Task :gradle-plugin:settings-plugin:pluginDescriptors UP-TO-DATE
> Task :expo-gradle-plugin:expo-autolinking-settings-plugin:pluginDescriptors UP-TO-DATE
> Task :gradle-plugin:settings-plugin:processResources UP-TO-DATE
> Task :expo-gradle-plugin:expo-autolinking-settings-plugin:processResources UP-TO-DATE
> Task :expo-gradle-plugin:expo-autolinking-plugin-shared:compileKotlin UP-TO-DATE
> Task :expo-gradle-plugin:expo-autolinking-plugin-shared:compileJava NO-SOURCE
> Task :gradle-plugin:shared:compileKotlin UP-TO-DATE
> Task :expo-gradle-plugin:expo-autolinking-plugin-shared:processResources NO-SOURCE
> Task :gradle-plugin:shared:compileJava NO-SOURCE
> Task :expo-gradle-plugin:expo-autolinking-plugin-shared:classes UP-TO-DATE
> Task :gradle-plugin:shared:processResources NO-SOURCE
> Task :gradle-plugin:shared:classes UP-TO-DATE
> Task :gradle-plugin:shared:jar UP-TO-DATE
> Task :expo-gradle-plugin:expo-autolinking-plugin-shared:jar UP-TO-DATE
> Task :gradle-plugin:settings-plugin:compileKotlin UP-TO-DATE
> Task :gradle-plugin:settings-plugin:compileJava NO-SOURCE
> Task :gradle-plugin:settings-plugin:classes UP-TO-DATE
> Task :gradle-plugin:settings-plugin:jar UP-TO-DATE
> Task :expo-gradle-plugin:expo-autolinking-settings-plugin:compileKotlin UP-TO-DATE
> Task :expo-gradle-plugin:expo-autolinking-settings-plugin:compileJava NO-SOURCE
> Task :expo-gradle-plugin:expo-autolinking-settings-plugin:classes UP-TO-DATE
> Task :expo-gradle-plugin:expo-autolinking-settings-plugin:jar UP-TO-DATE
> Task :expo-gradle-plugin:expo-autolinking-plugin:checkKotlinGradlePluginConfigurationErrors SKIPPED
> Task :expo-gradle-plugin:expo-max-sdk-override-plugin:checkKotlinGradlePluginConfigurationErrors SKIPPED
> Task :gradle-plugin:react-native-gradle-plugin:checkKotlinGradlePluginConfigurationErrors SKIPPED
> Task :expo-dev-launcher-gradle-plugin:checkKotlinGradlePluginConfigurationErrors SKIPPED
> Task :expo-module-gradle-plugin:checkKotlinGradlePluginConfigurationErrors SKIPPED
> Task :expo-dev-launcher-gradle-plugin:pluginDescriptors UP-TO-DATE
> Task :expo-module-gradle-plugin:pluginDescriptors UP-TO-DATE
> Task :expo-dev-launcher-gradle-plugin:processResources UP-TO-DATE
> Task :expo-module-gradle-plugin:processResources UP-TO-DATE
> Task :expo-gradle-plugin:expo-autolinking-plugin:compileKotlin UP-TO-DATE
> Task :expo-gradle-plugin:expo-max-sdk-override-plugin:compileKotlin UP-TO-DATE
> Task :expo-gradle-plugin:expo-autolinking-plugin:compileJava NO-SOURCE
> Task :expo-gradle-plugin:expo-max-sdk-override-plugin:compileJava NO-SOURCE
> Task :expo-gradle-plugin:expo-max-sdk-override-plugin:pluginDescriptors UP-TO-DATE
> Task :expo-gradle-plugin:expo-autolinking-plugin:pluginDescriptors UP-TO-DATE
> Task :expo-gradle-plugin:expo-max-sdk-override-plugin:processResources UP-TO-DATE
> Task :expo-gradle-plugin:expo-autolinking-plugin:processResources UP-TO-DATE
> Task :expo-gradle-plugin:expo-autolinking-plugin:classes UP-TO-DATE
> Task :expo-gradle-plugin:expo-max-sdk-override-plugin:classes UP-TO-DATE
> Task :expo-gradle-plugin:expo-autolinking-plugin:jar UP-TO-DATE
> Task :expo-gradle-plugin:expo-max-sdk-override-plugin:jar UP-TO-DATE
> Task :gradle-plugin:react-native-gradle-plugin:compileKotlin UP-TO-DATE
> Task :gradle-plugin:react-native-gradle-plugin:compileJava NO-SOURCE
> Task :gradle-plugin:react-native-gradle-plugin:pluginDescriptors UP-TO-DATE
> Task :gradle-plugin:react-native-gradle-plugin:processResources UP-TO-DATE
> Task :gradle-plugin:react-native-gradle-plugin:classes UP-TO-DATE
> Task :gradle-plugin:react-native-gradle-plugin:jar UP-TO-DATE
> Task :expo-module-gradle-plugin:compileKotlin UP-TO-DATE
> Task :expo-module-gradle-plugin:compileJava NO-SOURCE
> Task :expo-module-gradle-plugin:classes UP-TO-DATE
> Task :expo-dev-launcher-gradle-plugin:compileKotlin UP-TO-DATE
> Task :expo-dev-launcher-gradle-plugin:compileJava NO-SOURCE
> Task :expo-dev-launcher-gradle-plugin:classes UP-TO-DATE
> Task :expo-module-gradle-plugin:jar UP-TO-DATE
> Task :expo-dev-launcher-gradle-plugin:jar UP-TO-DATE

> Configure project :app
 ℹ️  [33mApplying gradle plugin[0m '[32mexpo-max-sdk-override-plugin[0m'
  [expo-max-sdk-override-plugin] This plugin will find all permissions declared with `android:maxSdkVersion`. If there exists a declaration with the `android:maxSdkVersion` annotation and another one without, the plugin will remove the annotation from the final merged manifest. In order to see a log with the changes run a clean build of the app.
 ℹ️  [33mApplying gradle plugin[0m '[32mexpo-dev-launcher-gradle-plugin[0m'

> Configure project :
[32m[ExpoRootProject][0m Using the following versions:
  - buildTools:  [32m36.0.0[0m
  - minSdk:      [32m24[0m
  - compileSdk:  [32m36[0m
  - targetSdk:   [32m36[0m
  - ndk:         [32m27.1.12297006[0m
  - kotlin:      [32m2.1.20[0m
  - ksp:         [32m2.1.20-2.0.1[0m

> Configure project :expo

Using expo modules
  - [32mexpo-log-box[0m (57.0.4)
  - [32mexpo-constants[0m (57.0.17)
  - [32mexpo-dev-client[0m (57.0.18)
  - [32mexpo-dev-launcher[0m (57.0.19)
  - [32mexpo-dev-menu[0m (57.0.18)
  - [32mexpo-dev-menu-interface[0m (57.0.0)
  - [32mexpo-json-utils[0m (57.0.1)
  - [32mexpo-manifests[0m (57.0.1)

> Configure project :expo-modules-core
Linking react-native-worklets native libs into expo-modules-core build tasks
task ':react-native-worklets:mergeDebugNativeLibs'
task ':react-native-worklets:mergeReleaseNativeLibs'

> Configure project :expo
  - [32mexpo-modules-core[0m (57.0.16)
  - [32mexpo-speech-recognition[0m (57.0.0)
  - [32mexpo-updates-interface[0m (57.0.1)
  - [33m[📦][0m [32mexpo-dom-webview[0m (57.0.1)
  - [33m[📦][0m [32mexpo-ui[0m (57.0.16)
  - [33m[📦][0m [32mexpo-asset[0m (57.0.16)
  - [33m[📦][0m [32mexpo-device[0m (57.0.1)
  - [33m[📦][0m [32mexpo-file-system[0m (57.0.6)
  - [33m[📦][0m [32mexpo-font[0m (57.0.3)
  - [33m[📦][0m [32mexpo-image[0m (57.0.4)
  - [33m[📦][0m [32mexpo-keep-awake[0m (57.0.1)
  - [33m[📦][0m [32mexpo-linking[0m (57.0.9)
  - [33m[📦][0m [32mexpo-router[0m (57.0.19)
  - [33m[📦][0m [32mexpo-speech[0m (57.0.2)
  - [33m[📦][0m [32mexpo-splash-screen[0m (57.0.8)
  - [33m[📦][0m [32mexpo-status-bar[0m (57.0.1)
  - [33m[📦][0m [32mexpo-system-ui[0m (57.0.3)
  - [33m[📦][0m [32mexpo-web-browser[0m (57.0.2)


> Task :expo-dev-launcher:preBuild UP-TO-DATE
> Task :expo-dev-client:preBuild UP-TO-DATE
> Task :expo-dev-menu:preBuild UP-TO-DATE
> Task :expo-json-utils:preBuild UP-TO-DATE
> Task :expo-log-box:preBuild UP-TO-DATE
> Task :expo:generatePackagesList UP-TO-DATE
> Task :expo-dev-menu-interface:preBuild UP-TO-DATE
> Task :expo:preBuild UP-TO-DATE
> Task :expo-modules-core:preBuild UP-TO-DATE
> Task :expo-manifests:preBuild UP-TO-DATE
> Task :expo-speech-recognition:preBuild UP-TO-DATE
> Task :expo-updates-interface:preBuild UP-TO-DATE
> Task :react-native-masked-view_masked-view:preBuild UP-TO-DATE
> Task :expo:preDebugBuild UP-TO-DATE
> Task :expo:writeDebugAarMetadata UP-TO-DATE
> Task :expo-dev-client:preDebugBuild UP-TO-DATE
> Task :expo-dev-client:writeDebugAarMetadata UP-TO-DATE
> Task :react-native-safe-area-context:generateCodegenSchemaFromJavaScript UP-TO-DATE
> Task :react-native-gesture-handler:generateCodegenSchemaFromJavaScript UP-TO-DATE
> Task :expo-dev-launcher:preDebugBuild UP-TO-DATE
> Task :react-native-screens:generateCodegenSchemaFromJavaScript UP-TO-DATE
> Task :react-native-safe-area-context:generateCodegenArtifactsFromSchema UP-TO-DATE
> Task :react-native-gesture-handler:generateCodegenArtifactsFromSchema UP-TO-DATE
> Task :expo-dev-launcher:writeDebugAarMetadata UP-TO-DATE
> Task :react-native-gesture-handler:preBuild UP-TO-DATE
> Task :react-native-safe-area-context:preBuild UP-TO-DATE
> Task :expo-dev-menu:preDebugBuild UP-TO-DATE
> Task :expo-dev-menu:writeDebugAarMetadata UP-TO-DATE
> Task :expo-dev-menu-interface:preDebugBuild UP-TO-DATE
> Task :expo-dev-menu-interface:writeDebugAarMetadata UP-TO-DATE
> Task :expo-json-utils:preDebugBuild UP-TO-DATE
> Task :expo-json-utils:writeDebugAarMetadata UP-TO-DATE
> Task :expo-manifests:preDebugBuild UP-TO-DATE
> Task :expo-log-box:preDebugBuild UP-TO-DATE
> Task :react-native-screens:generateCodegenArtifactsFromSchema UP-TO-DATE
> Task :react-native-screens:preBuild UP-TO-DATE
> Task :expo-manifests:writeDebugAarMetadata UP-TO-DATE
> Task :expo-modules-core:preDebugBuild UP-TO-DATE
> Task :expo-speech-recognition:preDebugBuild UP-TO-DATE
> Task :expo-log-box:writeDebugAarMetadata UP-TO-DATE
> Task :expo-updates-interface:preDebugBuild UP-TO-DATE
> Task :expo-modules-core:writeDebugAarMetadata UP-TO-DATE
> Task :react-native-gesture-handler:preDebugBuild UP-TO-DATE
> Task :expo-updates-interface:writeDebugAarMetadata UP-TO-DATE
> Task :react-native-gesture-handler:writeDebugAarMetadata UP-TO-DATE
> Task :react-native-masked-view_masked-view:preDebugBuild UP-TO-DATE
> Task :react-native-masked-view_masked-view:writeDebugAarMetadata UP-TO-DATE
> Task :expo-speech-recognition:writeDebugAarMetadata UP-TO-DATE
> Task :react-native-screens:preDebugBuild UP-TO-DATE
> Task :react-native-safe-area-context:preDebugBuild UP-TO-DATE
> Task :react-native-safe-area-context:writeDebugAarMetadata UP-TO-DATE
> Task :react-native-screens:writeDebugAarMetadata UP-TO-DATE
> Task :expo:generateDebugResValues UP-TO-DATE
> Task :expo-dev-client:generateDebugResValues UP-TO-DATE
> Task :expo-dev-client:generateDebugResources UP-TO-DATE
> Task :expo-dev-launcher:generateDebugResValues UP-TO-DATE
> Task :expo:generateDebugResources UP-TO-DATE
> Task :expo-dev-client:packageDebugResources UP-TO-DATE
> Task :expo-dev-menu:generateDebugResValues UP-TO-DATE
> Task :expo-dev-launcher:generateDebugResources UP-TO-DATE
> Task :expo-dev-menu:generateDebugResources UP-TO-DATE
> Task :expo:packageDebugResources UP-TO-DATE
> Task :expo-dev-menu-interface:generateDebugResValues UP-TO-DATE
> Task :expo-dev-launcher:packageDebugResources UP-TO-DATE
> Task :expo-dev-menu-interface:generateDebugResources UP-TO-DATE
> Task :expo-dev-menu:packageDebugResources UP-TO-DATE
> Task :expo-json-utils:generateDebugResValues UP-TO-DATE
> Task :expo-log-box:generateDebugResValues UP-TO-DATE
> Task :expo-json-utils:generateDebugResources UP-TO-DATE
> Task :expo-log-box:generateDebugResources UP-TO-DATE
> Task :expo-manifests:generateDebugResValues UP-TO-DATE
> Task :expo-json-utils:packageDebugResources UP-TO-DATE
> Task :expo-dev-menu-interface:packageDebugResources UP-TO-DATE
> Task :expo-log-box:packageDebugResources UP-TO-DATE
> Task :expo-modules-core:generateDebugResValues UP-TO-DATE
> Task :expo-updates-interface:generateDebugResValues UP-TO-DATE
> Task :expo-speech-recognition:generateDebugResValues UP-TO-DATE
> Task :expo-modules-core:generateDebugResources UP-TO-DATE
> Task :expo-manifests:generateDebugResources UP-TO-DATE
> Task :expo-updates-interface:generateDebugResources UP-TO-DATE
> Task :expo-modules-core:packageDebugResources UP-TO-DATE
> Task :react-native-gesture-handler:generateDebugResValues UP-TO-DATE
> Task :expo-speech-recognition:generateDebugResources UP-TO-DATE
> Task :expo-manifests:packageDebugResources UP-TO-DATE
> Task :react-native-masked-view_masked-view:generateDebugResValues UP-TO-DATE
> Task :react-native-gesture-handler:generateDebugResources UP-TO-DATE
> Task :expo-updates-interface:packageDebugResources UP-TO-DATE
> Task :react-native-masked-view_masked-view:generateDebugResources UP-TO-DATE
> Task :expo-speech-recognition:packageDebugResources UP-TO-DATE
> Task :react-native-masked-view_masked-view:packageDebugResources UP-TO-DATE
> Task :react-native-safe-area-context:generateDebugResValues UP-TO-DATE
> Task :react-native-gesture-handler:packageDebugResources UP-TO-DATE
> Task :react-native-safe-area-context:generateDebugResources UP-TO-DATE
> Task :expo-dev-client:extractDeepLinksDebug UP-TO-DATE
> Task :expo:extractDeepLinksDebug UP-TO-DATE
> Task :react-native-screens:generateDebugResValues UP-TO-DATE
> Task :expo:processDebugManifest UP-TO-DATE
> Task :react-native-safe-area-context:packageDebugResources UP-TO-DATE
> Task :expo-dev-launcher:extractDeepLinksDebug UP-TO-DATE
> Task :expo-dev-menu:extractDeepLinksDebug UP-TO-DATE
> Task :expo-dev-launcher:processDebugManifest UP-TO-DATE
> Task :expo-dev-client:processDebugManifest UP-TO-DATE
> Task :expo-dev-menu:processDebugManifest UP-TO-DATE
> Task :react-native-screens:generateDebugResources UP-TO-DATE
> Task :expo-json-utils:extractDeepLinksDebug UP-TO-DATE
> Task :expo-dev-menu-interface:extractDeepLinksDebug UP-TO-DATE
> Task :expo-json-utils:processDebugManifest UP-TO-DATE
> Task :expo-dev-menu-interface:processDebugManifest UP-TO-DATE
> Task :expo-log-box:extractDeepLinksDebug UP-TO-DATE
> Task :expo-modules-core:extractDeepLinksDebug UP-TO-DATE
> Task :expo-manifests:extractDeepLinksDebug UP-TO-DATE
> Task :react-native-screens:packageDebugResources UP-TO-DATE
> Task :expo-log-box:processDebugManifest UP-TO-DATE
> Task :expo-modules-core:processDebugManifest UP-TO-DATE
> Task :expo-speech-recognition:extractDeepLinksDebug UP-TO-DATE
> Task :expo-manifests:processDebugManifest UP-TO-DATE
> Task :expo-updates-interface:extractDeepLinksDebug UP-TO-DATE
> Task :expo-speech-recognition:processDebugManifest UP-TO-DATE
> Task :react-native-masked-view_masked-view:extractDeepLinksDebug UP-TO-DATE
> Task :react-native-gesture-handler:extractDeepLinksDebug UP-TO-DATE
> Task :expo-updates-interface:processDebugManifest UP-TO-DATE
> Task :react-native-safe-area-context:extractDeepLinksDebug UP-TO-DATE
> Task :react-native-gesture-handler:processDebugManifest UP-TO-DATE
> Task :react-native-safe-area-context:processDebugManifest UP-TO-DATE
> Task :react-native-masked-view_masked-view:processDebugManifest UP-TO-DATE
> Task :expo:compileDebugLibraryResources UP-TO-DATE
> Task :expo-dev-client:compileDebugLibraryResources UP-TO-DATE
> Task :react-native-screens:extractDeepLinksDebug UP-TO-DATE
> Task :expo:parseDebugLocalResources UP-TO-DATE
> Task :expo-dev-client:parseDebugLocalResources UP-TO-DATE
> Task :expo:generateDebugRFile UP-TO-DATE
> Task :react-native-screens:processDebugManifest UP-TO-DATE
> Task :expo-dev-client:generateDebugRFile UP-TO-DATE
> Task :expo-dev-launcher:compileDebugLibraryResources UP-TO-DATE
> Task :expo-dev-menu:compileDebugLibraryResources UP-TO-DATE
> Task :expo-dev-menu:parseDebugLocalResources UP-TO-DATE
> Task :expo-dev-launcher:parseDebugLocalResources UP-TO-DATE
> Task :expo-dev-menu-interface:compileDebugLibraryResources UP-TO-DATE
> Task :expo-dev-launcher:generateDebugRFile UP-TO-DATE
> Task :expo-dev-menu:generateDebugRFile UP-TO-DATE
> Task :expo-json-utils:compileDebugLibraryResources UP-TO-DATE
> Task :expo-dev-menu-interface:parseDebugLocalResources UP-TO-DATE
> Task :expo-log-box:compileDebugLibraryResources UP-TO-DATE
> Task :expo-json-utils:parseDebugLocalResources UP-TO-DATE
> Task :expo-manifests:compileDebugLibraryResources UP-TO-DATE
> Task :expo-dev-menu-interface:generateDebugRFile UP-TO-DATE
> Task :expo-json-utils:generateDebugRFile UP-TO-DATE
> Task :expo-manifests:parseDebugLocalResources UP-TO-DATE
> Task :expo-log-box:parseDebugLocalResources UP-TO-DATE
> Task :expo-modules-core:compileDebugLibraryResources UP-TO-DATE
> Task :expo-speech-recognition:compileDebugLibraryResources UP-TO-DATE
> Task :expo-log-box:generateDebugRFile UP-TO-DATE
> Task :expo-manifests:generateDebugRFile UP-TO-DATE
> Task :expo-updates-interface:compileDebugLibraryResources UP-TO-DATE
> Task :expo-modules-core:parseDebugLocalResources UP-TO-DATE
> Task :expo-speech-recognition:parseDebugLocalResources UP-TO-DATE
> Task :react-native-gesture-handler:compileDebugLibraryResources UP-TO-DATE
> Task :expo-updates-interface:parseDebugLocalResources UP-TO-DATE
> Task :expo-speech-recognition:generateDebugRFile UP-TO-DATE
> Task :react-native-masked-view_masked-view:compileDebugLibraryResources UP-TO-DATE
> Task :react-native-gesture-handler:parseDebugLocalResources UP-TO-DATE
> Task :expo-modules-core:generateDebugRFile UP-TO-DATE
> Task :react-native-masked-view_masked-view:parseDebugLocalResources UP-TO-DATE
> Task :expo-updates-interface:generateDebugRFile UP-TO-DATE
> Task :react-native-safe-area-context:compileDebugLibraryResources UP-TO-DATE
> Task :react-native-gesture-handler:generateDebugRFile UP-TO-DATE
> Task :expo:checkKotlinGradlePluginConfigurationErrors SKIPPED
> Task :react-native-masked-view_masked-view:generateDebugRFile UP-TO-DATE
> Task :expo-modules-core:checkKotlinGradlePluginConfigurationErrors SKIPPED
> Task :react-native-screens:compileDebugLibraryResources UP-TO-DATE
> Task :react-native-safe-area-context:parseDebugLocalResources UP-TO-DATE
> Task :expo:generateDebugBuildConfig UP-TO-DATE
> Task :expo-modules-core:generateDebugBuildConfig UP-TO-DATE
> Task :expo-modules-core:javaPreCompileDebug UP-TO-DATE
> Task :expo-dev-client:checkKotlinGradlePluginConfigurationErrors SKIPPED
> Task :react-native-screens:parseDebugLocalResources UP-TO-DATE
> Task :expo-dev-launcher:checkKotlinGradlePluginConfigurationErrors SKIPPED
> Task :react-native-safe-area-context:generateDebugRFile UP-TO-DATE
> Task :expo-dev-menu:checkKotlinGradlePluginConfigurationErrors SKIPPED
> Task :react-native-screens:generateDebugRFile UP-TO-DATE
> Task :expo-dev-menu-interface:checkKotlinGradlePluginConfigurationErrors SKIPPED
> Task :expo-dev-menu:generateDebugBuildConfig UP-TO-DATE
> Task :expo-dev-menu-interface:generateDebugBuildConfig UP-TO-DATE
> Task :expo-dev-menu-interface:javaPreCompileDebug UP-TO-DATE
> Task :expo-json-utils:checkKotlinGradlePluginConfigurationErrors SKIPPED
> Task :expo-manifests:checkKotlinGradlePluginConfigurationErrors SKIPPED
> Task :expo-json-utils:generateDebugBuildConfig UP-TO-DATE
> Task :expo-manifests:generateDebugBuildConfig UP-TO-DATE
> Task :expo-json-utils:javaPreCompileDebug UP-TO-DATE
> Task :expo-manifests:javaPreCompileDebug UP-TO-DATE
> Task :expo-dev-menu:javaPreCompileDebug UP-TO-DATE
> Task :expo-updates-interface:checkKotlinGradlePluginConfigurationErrors SKIPPED
> Task :expo-log-box:checkKotlinGradlePluginConfigurationErrors SKIPPED
> Task :expo-log-box:generateDebugBuildConfig UP-TO-DATE
> Task :expo-updates-interface:generateDebugBuildConfig UP-TO-DATE
> Task :expo-updates-interface:javaPreCompileDebug UP-TO-DATE
> Task :expo-speech-recognition:checkKotlinGradlePluginConfigurationErrors SKIPPED
> Task :expo-log-box:javaPreCompileDebug UP-TO-DATE
> Task :expo-speech-recognition:generateDebugBuildConfig UP-TO-DATE
> Task :expo-speech-recognition:javaPreCompileDebug UP-TO-DATE
> Task :expo:javaPreCompileDebug UP-TO-DATE
> Task :react-native-gesture-handler:checkKotlinGradlePluginConfigurationErrors SKIPPED
> Task :react-native-masked-view_masked-view:generateDebugBuildConfig UP-TO-DATE
> Task :react-native-gesture-handler:generateDebugBuildConfig UP-TO-DATE
> Task :react-native-masked-view_masked-view:javaPreCompileDebug UP-TO-DATE
> Task :react-native-gesture-handler:javaPreCompileDebug UP-TO-DATE
> Task :expo-dev-client:dataBindingMergeDependencyArtifactsDebug UP-TO-DATE
> Task :react-native-safe-area-context:checkKotlinGradlePluginConfigurationErrors SKIPPED
> Task :react-native-safe-area-context:generateDebugBuildConfig UP-TO-DATE
> Task :expo-dev-client:dataBindingGenBaseClassesDebug UP-TO-DATE
> Task :expo-dev-client:generateDebugBuildConfig UP-TO-DATE
> Task :expo-dev-client:javaPreCompileDebug UP-TO-DATE
> Task :react-native-screens:checkKotlinGradlePluginConfigurationErrors SKIPPED
> Task :react-native-screens:generateDebugBuildConfig UP-TO-DATE
> Task :react-native-worklets:assertMinimalReactNativeVersionTask
> Task :react-native-reanimated:assertMinimalReactNativeVersionTask
> Task :react-native-masked-view_masked-view:compileDebugJavaWithJavac UP-TO-DATE
> Task :react-native-worklets:generateCodegenSchemaFromJavaScript UP-TO-DATE
> Task :react-native-worklets:generateCodegenArtifactsFromSchema UP-TO-DATE
> Task :react-native-safe-area-context:compileDebugKotlin UP-TO-DATE
> Task :react-native-masked-view_masked-view:bundleLibCompileToJarDebug UP-TO-DATE
> Task :react-native-safe-area-context:javaPreCompileDebug UP-TO-DATE
> Task :react-native-safe-area-context:compileDebugJavaWithJavac UP-TO-DATE
> Task :react-native-safe-area-context:bundleLibCompileToJarDebug UP-TO-DATE
> Task :expo-dev-client:mergeDebugShaders UP-TO-DATE
> Task :expo:mergeDebugShaders UP-TO-DATE
> Task :expo-dev-client:compileDebugShaders NO-SOURCE
> Task :expo-dev-client:generateDebugAssets UP-TO-DATE
> Task :expo:compileDebugShaders NO-SOURCE
> Task :expo:generateDebugAssets UP-TO-DATE
> Task :expo-dev-client:mergeDebugAssets UP-TO-DATE
> Task :expo-dev-menu:mergeDebugShaders UP-TO-DATE
> Task :expo-dev-menu:compileDebugShaders NO-SOURCE
> Task :expo-dev-menu:generateDebugAssets UP-TO-DATE
> Task :expo:mergeDebugAssets UP-TO-DATE
> Task :expo-dev-menu-interface:mergeDebugShaders UP-TO-DATE
> Task :expo-dev-menu:mergeDebugAssets UP-TO-DATE
> Task :expo-dev-menu-interface:compileDebugShaders NO-SOURCE
> Task :expo-json-utils:mergeDebugShaders UP-TO-DATE
> Task :expo-dev-menu-interface:generateDebugAssets UP-TO-DATE
> Task :expo-json-utils:compileDebugShaders NO-SOURCE
> Task :expo-json-utils:generateDebugAssets UP-TO-DATE
> Task :expo-json-utils:mergeDebugAssets UP-TO-DATE
> Task :expo-log-box:mergeDebugShaders UP-TO-DATE
> Task :react-native-screens:compileDebugKotlin UP-TO-DATE
> Task :react-native-screens:javaPreCompileDebug UP-TO-DATE
> Task :expo-log-box:compileDebugShaders NO-SOURCE
> Task :expo-log-box:generateDebugAssets UP-TO-DATE
> Task :react-native-worklets:prepareWorkletsHeadersForPrefabs UP-TO-DATE
> Task :expo-dev-menu-interface:mergeDebugAssets UP-TO-DATE
> Task :react-native-worklets:preBuild
> Task :react-native-worklets:preDebugBuild
> Task :expo-manifests:mergeDebugShaders UP-TO-DATE
> Task :react-native-worklets:writeDebugAarMetadata UP-TO-DATE
> Task :expo-log-box:mergeDebugAssets UP-TO-DATE
> Task :react-native-screens:compileDebugJavaWithJavac UP-TO-DATE
> Task :expo-manifests:compileDebugShaders NO-SOURCE
> Task :react-native-worklets:generateDebugResValues UP-TO-DATE
> Task :react-native-screens:bundleLibCompileToJarDebug UP-TO-DATE
> Task :expo-manifests:generateDebugAssets UP-TO-DATE
> Task :expo-modules-core:mergeDebugShaders UP-TO-DATE
> Task :expo-modules-core:compileDebugShaders NO-SOURCE
> Task :expo-modules-core:generateDebugAssets UP-TO-DATE
> Task :expo-manifests:mergeDebugAssets UP-TO-DATE
> Task :expo-modules-core:mergeDebugAssets UP-TO-DATE
> Task :react-native-worklets:generateDebugResources UP-TO-DATE
> Task :expo-speech-recognition:mergeDebugShaders UP-TO-DATE
> Task :expo-updates-interface:mergeDebugShaders UP-TO-DATE
> Task :expo-speech-recognition:compileDebugShaders NO-SOURCE
> Task :expo-speech-recognition:generateDebugAssets UP-TO-DATE
> Task :react-native-gesture-handler:mergeDebugShaders UP-TO-DATE
> Task :expo-updates-interface:compileDebugShaders NO-SOURCE
> Task :expo-speech-recognition:mergeDebugAssets UP-TO-DATE
> Task :react-native-worklets:packageDebugResources UP-TO-DATE
> Task :expo-updates-interface:generateDebugAssets UP-TO-DATE
> Task :react-native-gesture-handler:compileDebugShaders NO-SOURCE
> Task :expo-updates-interface:mergeDebugAssets UP-TO-DATE
> Task :react-native-gesture-handler:generateDebugAssets UP-TO-DATE
> Task :react-native-worklets:extractDeepLinksDebug UP-TO-DATE
> Task :react-native-masked-view_masked-view:mergeDebugShaders UP-TO-DATE
> Task :react-native-gesture-handler:mergeDebugAssets UP-TO-DATE
> Task :react-native-worklets:processDebugManifest UP-TO-DATE
> Task :react-native-safe-area-context:mergeDebugShaders UP-TO-DATE
> Task :react-native-safe-area-context:compileDebugShaders NO-SOURCE
> Task :react-native-safe-area-context:generateDebugAssets UP-TO-DATE
> Task :react-native-masked-view_masked-view:compileDebugShaders NO-SOURCE
> Task :react-native-screens:mergeDebugShaders UP-TO-DATE
> Task :react-native-masked-view_masked-view:generateDebugAssets UP-TO-DATE
> Task :react-native-safe-area-context:mergeDebugAssets UP-TO-DATE
> Task :react-native-safe-area-context:bundleLibRuntimeToJarDebug UP-TO-DATE
> Task :react-native-worklets:compileDebugLibraryResources UP-TO-DATE
> Task :react-native-screens:compileDebugShaders NO-SOURCE
> Task :react-native-screens:generateDebugAssets UP-TO-DATE
> Task :react-native-worklets:parseDebugLocalResources UP-TO-DATE
> Task :react-native-screens:mergeDebugAssets UP-TO-DATE
> Task :react-native-screens:bundleLibRuntimeToJarDebug UP-TO-DATE
> Task :react-native-worklets:generateDebugRFile UP-TO-DATE
> Task :react-native-masked-view_masked-view:mergeDebugAssets UP-TO-DATE
> Task :react-native-masked-view_masked-view:bundleLibRuntimeToJarDebug UP-TO-DATE
> Task :react-native-safe-area-context:processDebugJavaRes UP-TO-DATE
> Task :react-native-worklets:checkKotlinGradlePluginConfigurationErrors SKIPPED
> Task :react-native-worklets:generateDebugBuildConfig UP-TO-DATE
> Task :react-native-masked-view_masked-view:processDebugJavaRes NO-SOURCE
> Task :expo:mergeDebugJniLibFolders UP-TO-DATE
> Task :react-native-screens:processDebugJavaRes UP-TO-DATE
> Task :expo:mergeDebugNativeLibs NO-SOURCE
> Task :expo-dev-menu:mergeDebugJniLibFolders UP-TO-DATE
> Task :expo-dev-client:mergeDebugJniLibFolders UP-TO-DATE
> Task :expo-dev-menu:mergeDebugNativeLibs NO-SOURCE
> Task :expo:copyDebugJniLibsProjectOnly UP-TO-DATE
> Task :expo-dev-menu:copyDebugJniLibsProjectOnly UP-TO-DATE
> Task :expo-dev-client:mergeDebugNativeLibs NO-SOURCE
> Task :expo-json-utils:mergeDebugJniLibFolders UP-TO-DATE
> Task :expo-dev-menu-interface:mergeDebugJniLibFolders UP-TO-DATE
> Task :expo-dev-client:copyDebugJniLibsProjectOnly UP-TO-DATE
> Task :expo-json-utils:mergeDebugNativeLibs NO-SOURCE
> Task :expo-json-utils:copyDebugJniLibsProjectOnly UP-TO-DATE
> Task :expo-dev-menu-interface:mergeDebugNativeLibs NO-SOURCE
> Task :expo-log-box:mergeDebugJniLibFolders UP-TO-DATE
> Task :expo-dev-menu-interface:copyDebugJniLibsProjectOnly UP-TO-DATE
> Task :expo-manifests:mergeDebugJniLibFolders UP-TO-DATE
> Task :expo-log-box:mergeDebugNativeLibs NO-SOURCE
> Task :expo-modules-core:mergeDebugJniLibFolders UP-TO-DATE
> Task :expo-log-box:copyDebugJniLibsProjectOnly UP-TO-DATE
> Task :expo-manifests:mergeDebugNativeLibs NO-SOURCE
> Task :expo-manifests:copyDebugJniLibsProjectOnly UP-TO-DATE
> Task :expo-updates-interface:mergeDebugJniLibFolders UP-TO-DATE
> Task :expo-speech-recognition:mergeDebugJniLibFolders UP-TO-DATE
> Task :expo-speech-recognition:mergeDebugNativeLibs NO-SOURCE
> Task :expo-speech-recognition:copyDebugJniLibsProjectOnly UP-TO-DATE
> Task :expo-updates-interface:mergeDebugNativeLibs NO-SOURCE
> Task :react-native-masked-view_masked-view:mergeDebugJniLibFolders UP-TO-DATE
> Task :react-native-gesture-handler:mergeDebugJniLibFolders UP-TO-DATE
> Task :react-native-masked-view_masked-view:mergeDebugNativeLibs NO-SOURCE
> Task :expo-updates-interface:copyDebugJniLibsProjectOnly UP-TO-DATE
> Task :react-native-masked-view_masked-view:copyDebugJniLibsProjectOnly UP-TO-DATE
> Task :react-native-safe-area-context:mergeDebugJniLibFolders UP-TO-DATE
> Task :expo:stripDebugDebugSymbols NO-SOURCE
> Task :react-native-safe-area-context:mergeDebugNativeLibs NO-SOURCE
> Task :expo:copyDebugJniLibsProjectAndLocalJars UP-TO-DATE
> Task :react-native-safe-area-context:copyDebugJniLibsProjectOnly UP-TO-DATE
> Task :react-native-worklets:compileDebugKotlin UP-TO-DATE
> Task :expo-dev-client:stripDebugDebugSymbols NO-SOURCE
> Task :expo:extractDeepLinksForAarDebug UP-TO-DATE
> Task :expo-dev-client:copyDebugJniLibsProjectAndLocalJars UP-TO-DATE
> Task :expo:prepareDebugArtProfile UP-TO-DATE
> Task :expo-dev-client:extractDeepLinksForAarDebug UP-TO-DATE
> Task :react-native-worklets:javaPreCompileDebug UP-TO-DATE
> Task :expo:prepareLintJarForPublish UP-TO-DATE
> Task :expo-dev-client:prepareDebugArtProfile UP-TO-DATE
> Task :expo-dev-client:prepareLintJarForPublish UP-TO-DATE
> Task :expo-dev-menu:stripDebugDebugSymbols NO-SOURCE
> Task :expo-dev-menu-interface:stripDebugDebugSymbols NO-SOURCE
> Task :react-native-worklets:compileDebugJavaWithJavac UP-TO-DATE
> Task :react-native-worklets:bundleLibCompileToJarDebug UP-TO-DATE
> Task :expo-dev-menu:copyDebugJniLibsProjectAndLocalJars UP-TO-DATE
> Task :expo-dev-launcher:dataBindingMergeDependencyArtifactsDebug UP-TO-DATE
> Task :react-native-worklets:mergeDebugShaders UP-TO-DATE
> Task :expo-dev-menu:extractDeepLinksForAarDebug UP-TO-DATE
> Task :react-native-worklets:compileDebugShaders NO-SOURCE
> Task :react-native-worklets:generateDebugAssets UP-TO-DATE
> Task :expo-dev-menu:prepareDebugArtProfile UP-TO-DATE
> Task :expo-dev-menu:prepareLintJarForPublish UP-TO-DATE
> Task :react-native-worklets:mergeDebugAssets UP-TO-DATE
> Task :expo-dev-menu-interface:copyDebugJniLibsProjectAndLocalJars UP-TO-DATE
> Task :expo-dev-menu-interface:extractDeepLinksForAarDebug UP-TO-DATE
> Task :expo-dev-menu-interface:prepareDebugArtProfile UP-TO-DATE
> Task :react-native-worklets:bundleLibRuntimeToJarDebug UP-TO-DATE
> Task :expo-dev-menu-interface:prepareLintJarForPublish UP-TO-DATE
> Task :expo-json-utils:stripDebugDebugSymbols NO-SOURCE
> Task :expo-json-utils:copyDebugJniLibsProjectAndLocalJars UP-TO-DATE
> Task :expo-json-utils:extractDeepLinksForAarDebug UP-TO-DATE
> Task :expo-json-utils:prepareDebugArtProfile UP-TO-DATE
> Task :expo-json-utils:prepareLintJarForPublish UP-TO-DATE
> Task :react-native-worklets:processDebugJavaRes UP-TO-DATE
> Task :expo-log-box:stripDebugDebugSymbols NO-SOURCE
> Task :expo-log-box:copyDebugJniLibsProjectAndLocalJars UP-TO-DATE
> Task :expo-log-box:extractDeepLinksForAarDebug UP-TO-DATE
> Task :expo-log-box:prepareDebugArtProfile UP-TO-DATE
> Task :expo-log-box:prepareLintJarForPublish UP-TO-DATE
> Task :expo-manifests:stripDebugDebugSymbols NO-SOURCE
> Task :expo-manifests:copyDebugJniLibsProjectAndLocalJars UP-TO-DATE
> Task :app:generateAutolinkingNewArchitectureFiles UP-TO-DATE
> Task :app:generateAutolinkingPackageList UP-TO-DATE
> Task :app:generateCodegenSchemaFromJavaScript SKIPPED
> Task :app:generateCodegenArtifactsFromSchema SKIPPED
> Task :expo-manifests:extractDeepLinksForAarDebug UP-TO-DATE
> Task :app:generateReactNativeEntryPoint UP-TO-DATE
> Task :app:checkKotlinGradlePluginConfigurationErrors SKIPPED
> Task :expo-speech-recognition:stripDebugDebugSymbols NO-SOURCE
> Task :expo-manifests:prepareDebugArtProfile UP-TO-DATE
> Task :expo-speech-recognition:copyDebugJniLibsProjectAndLocalJars UP-TO-DATE
> Task :expo-speech-recognition:extractDeepLinksForAarDebug UP-TO-DATE
> Task :expo-speech-recognition:prepareDebugArtProfile UP-TO-DATE
> Task :expo-speech-recognition:prepareLintJarForPublish UP-TO-DATE
> Task :expo-updates-interface:stripDebugDebugSymbols NO-SOURCE
> Task :expo-updates-interface:copyDebugJniLibsProjectAndLocalJars UP-TO-DATE
> Task :expo-manifests:prepareLintJarForPublish UP-TO-DATE
> Task :react-native-gesture-handler:extractDeepLinksForAarDebug UP-TO-DATE
> Task :expo-updates-interface:extractDeepLinksForAarDebug UP-TO-DATE
> Task :react-native-gesture-handler:prepareDebugArtProfile UP-TO-DATE
> Task :react-native-gesture-handler:prepareLintJarForPublish UP-TO-DATE
> Task :react-native-masked-view_masked-view:stripDebugDebugSymbols NO-SOURCE
> Task :expo-updates-interface:prepareDebugArtProfile UP-TO-DATE
> Task :react-native-masked-view_masked-view:copyDebugJniLibsProjectAndLocalJars UP-TO-DATE
> Task :expo-dev-launcher:dataBindingGenBaseClassesDebug UP-TO-DATE
> Task :expo-updates-interface:prepareLintJarForPublish UP-TO-DATE
> Task :expo-dev-launcher:generateDebugBuildConfig UP-TO-DATE
> Task :expo-dev-launcher:checkApolloVersions UP-TO-DATE
> Task :react-native-safe-area-context:stripDebugDebugSymbols NO-SOURCE
> Task :react-native-safe-area-context:copyDebugJniLibsProjectAndLocalJars UP-TO-DATE
> Task :expo-dev-launcher:generateServiceApolloOptions UP-TO-DATE
> Task :react-native-masked-view_masked-view:extractDebugAnnotations UP-TO-DATE
> Task :react-native-safe-area-context:extractDebugAnnotations UP-TO-DATE
> Task :react-native-masked-view_masked-view:extractDeepLinksForAarDebug UP-TO-DATE
> Task :react-native-safe-area-context:extractDeepLinksForAarDebug UP-TO-DATE
> Task :react-native-safe-area-context:mergeDebugGeneratedProguardFiles UP-TO-DATE
> Task :react-native-masked-view_masked-view:mergeDebugGeneratedProguardFiles UP-TO-DATE
> Task :react-native-safe-area-context:mergeDebugConsumerProguardFiles UP-TO-DATE
> Task :react-native-masked-view_masked-view:mergeDebugConsumerProguardFiles UP-TO-DATE
> Task :react-native-masked-view_masked-view:prepareDebugArtProfile UP-TO-DATE
> Task :react-native-safe-area-context:prepareDebugArtProfile UP-TO-DATE
> Task :react-native-masked-view_masked-view:prepareLintJarForPublish UP-TO-DATE
> Task :react-native-safe-area-context:prepareLintJarForPublish UP-TO-DATE
> Task :react-native-safe-area-context:mergeDebugJavaResource UP-TO-DATE
> Task :react-native-masked-view_masked-view:mergeDebugJavaResource UP-TO-DATE
> Task :react-native-safe-area-context:syncDebugLibJars UP-TO-DATE
> Task :react-native-masked-view_masked-view:syncDebugLibJars UP-TO-DATE
> Task :react-native-safe-area-context:bundleDebugAar UP-TO-DATE
> Task :react-native-safe-area-context:assembleDebug UP-TO-DATE
> Task :react-native-masked-view_masked-view:bundleDebugAar UP-TO-DATE
> Task :react-native-masked-view_masked-view:assembleDebug UP-TO-DATE
> Task :expo-dev-launcher:generateServiceApolloSources UP-TO-DATE
> Task :expo-dev-launcher:javaPreCompileDebug UP-TO-DATE
> Task :expo-dev-launcher:mergeDebugShaders UP-TO-DATE
> Task :expo-modules-core:compileDebugKotlin UP-TO-DATE
> Task :expo-dev-launcher:compileDebugShaders NO-SOURCE
> Task :expo-dev-launcher:generateDebugAssets UP-TO-DATE
> Task :expo-dev-launcher:mergeDebugAssets UP-TO-DATE
> Task :expo-dev-launcher:mergeDebugJniLibFolders UP-TO-DATE
> Task :expo-dev-launcher:mergeDebugNativeLibs NO-SOURCE
> Task :expo-dev-launcher:copyDebugJniLibsProjectOnly UP-TO-DATE
> Task :expo-dev-launcher:stripDebugDebugSymbols NO-SOURCE
> Task :expo-dev-launcher:copyDebugJniLibsProjectAndLocalJars UP-TO-DATE
> Task :expo-dev-launcher:extractDeepLinksForAarDebug UP-TO-DATE
> Task :expo-dev-launcher:prepareDebugArtProfile UP-TO-DATE
> Task :expo-dev-launcher:prepareLintJarForPublish UP-TO-DATE
> Task :expo-modules-core:compileDebugJavaWithJavac UP-TO-DATE
> Task :expo-modules-core:bundleLibCompileToJarDebug UP-TO-DATE
> Task :expo-dev-client:compileDebugKotlin NO-SOURCE
> Task :expo-dev-menu-interface:compileDebugKotlin NO-SOURCE
> Task :expo-dev-client:compileDebugJavaWithJavac UP-TO-DATE
> Task :expo-dev-client:bundleLibCompileToJarDebug UP-TO-DATE
> Task :react-native-reanimated:assertWorkletsVersionTask
> Task :react-native-reanimated:generateCodegenSchemaFromJavaScript UP-TO-DATE
> Task :react-native-reanimated:generateCodegenArtifactsFromSchema UP-TO-DATE
> Task :expo-dev-menu-interface:compileDebugJavaWithJavac UP-TO-DATE
> Task :react-native-reanimated:prepareReanimatedHeadersForPrefabs UP-TO-DATE
> Task :expo-json-utils:compileDebugKotlin UP-TO-DATE
> Task :react-native-reanimated:preBuild
> Task :react-native-reanimated:preDebugBuild
> Task :expo-updates-interface:compileDebugKotlin UP-TO-DATE
> Task :react-native-reanimated:writeDebugAarMetadata UP-TO-DATE
> Task :expo-dev-menu-interface:bundleLibCompileToJarDebug UP-TO-DATE
> Task :react-native-reanimated:generateDebugResValues UP-TO-DATE
> Task :react-native-reanimated:generateDebugResources UP-TO-DATE
> Task :expo-json-utils:compileDebugJavaWithJavac UP-TO-DATE
> Task :expo-json-utils:bundleLibCompileToJarDebug UP-TO-DATE
> Task :expo-updates-interface:compileDebugJavaWithJavac UP-TO-DATE
> Task :expo-updates-interface:bundleLibCompileToJarDebug UP-TO-DATE
> Task :expo-speech-recognition:compileDebugKotlin UP-TO-DATE
> Task :expo-dev-client:bundleLibRuntimeToJarDebug UP-TO-DATE
> Task :react-native-reanimated:packageDebugResources UP-TO-DATE
> Task :expo-dev-menu-interface:bundleLibRuntimeToJarDebug UP-TO-DATE
> Task :react-native-reanimated:extractDeepLinksDebug UP-TO-DATE
> Task :expo-log-box:compileDebugKotlin UP-TO-DATE
> Task :expo-json-utils:bundleLibRuntimeToJarDebug UP-TO-DATE
> Task :react-native-reanimated:processDebugManifest UP-TO-DATE
> Task :react-native-reanimated:compileDebugLibraryResources UP-TO-DATE
> Task :expo-modules-core:bundleLibRuntimeToJarDebug UP-TO-DATE
> Task :react-native-reanimated:parseDebugLocalResources UP-TO-DATE
> Task :expo-updates-interface:bundleLibRuntimeToJarDebug UP-TO-DATE
> Task :react-native-reanimated:generateDebugRFile UP-TO-DATE
> Task :react-native-reanimated:checkKotlinGradlePluginConfigurationErrors SKIPPED
> Task :react-native-reanimated:generateDebugBuildConfig UP-TO-DATE
> Task :expo-speech-recognition:compileDebugJavaWithJavac UP-TO-DATE
> Task :expo-speech-recognition:bundleLibCompileToJarDebug UP-TO-DATE
> Task :expo-speech-recognition:bundleLibRuntimeToJarDebug UP-TO-DATE
> Task :expo-manifests:compileDebugKotlin UP-TO-DATE
> Task :expo-log-box:compileDebugJavaWithJavac UP-TO-DATE
> Task :expo-dev-client:processDebugJavaRes NO-SOURCE
> Task :expo-log-box:bundleLibCompileToJarDebug UP-TO-DATE
> Task :expo-log-box:bundleLibRuntimeToJarDebug UP-TO-DATE
> Task :expo-dev-menu-interface:processDebugJavaRes NO-SOURCE
> Task :expo-json-utils:processDebugJavaRes UP-TO-DATE
> Task :expo-log-box:processDebugJavaRes UP-TO-DATE
> Task :expo-manifests:compileDebugJavaWithJavac UP-TO-DATE
> Task :expo-speech-recognition:processDebugJavaRes UP-TO-DATE
> Task :expo-modules-core:processDebugJavaRes UP-TO-DATE
> Task :react-native-reanimated:compileDebugKotlin UP-TO-DATE
> Task :react-native-reanimated:javaPreCompileDebug UP-TO-DATE
> Task :expo-manifests:bundleLibCompileToJarDebug UP-TO-DATE
> Task :expo-updates-interface:processDebugJavaRes UP-TO-DATE
> Task :expo-dev-client:extractDebugAnnotations UP-TO-DATE
> Task :expo-dev-client:mergeDebugGeneratedProguardFiles UP-TO-DATE
> Task :expo-dev-client:mergeDebugConsumerProguardFiles UP-TO-DATE
> Task :expo-manifests:bundleLibRuntimeToJarDebug UP-TO-DATE
> Task :expo-dev-menu-interface:extractDebugAnnotations UP-TO-DATE
> Task :expo-dev-client:mergeDebugJavaResource UP-TO-DATE
> Task :react-native-reanimated:compileDebugJavaWithJavac UP-TO-DATE
> Task :expo-manifests:processDebugJavaRes UP-TO-DATE
> Task :expo-dev-menu-interface:mergeDebugGeneratedProguardFiles UP-TO-DATE
> Task :react-native-reanimated:bundleLibCompileToJarDebug UP-TO-DATE
> Task :expo-dev-client:syncDebugLibJars UP-TO-DATE
> Task :expo-dev-menu-interface:mergeDebugConsumerProguardFiles UP-TO-DATE
> Task :expo-json-utils:extractDebugAnnotations UP-TO-DATE
> Task :react-native-reanimated:mergeDebugShaders UP-TO-DATE
> Task :react-native-reanimated:compileDebugShaders NO-SOURCE
> Task :react-native-reanimated:generateDebugAssets UP-TO-DATE
> Task :expo-dev-client:bundleDebugAar UP-TO-DATE
> Task :expo-dev-client:assembleDebug UP-TO-DATE
> Task :expo-json-utils:mergeDebugGeneratedProguardFiles UP-TO-DATE
> Task :expo-json-utils:mergeDebugConsumerProguardFiles UP-TO-DATE
> Task :react-native-reanimated:mergeDebugAssets UP-TO-DATE
> Task :react-native-reanimated:bundleLibRuntimeToJarDebug UP-TO-DATE
> Task :expo-json-utils:mergeDebugJavaResource UP-TO-DATE
> Task :expo-dev-menu-interface:mergeDebugJavaResource UP-TO-DATE
> Task :react-native-reanimated:processDebugJavaRes UP-TO-DATE
> Task :react-native-reanimated:mergeDebugJniLibFolders UP-TO-DATE
> Task :expo-dev-menu-interface:syncDebugLibJars UP-TO-DATE
> Task :expo-json-utils:syncDebugLibJars UP-TO-DATE
> Task :expo-dev-menu-interface:bundleDebugAar UP-TO-DATE
> Task :expo-dev-menu-interface:assembleDebug UP-TO-DATE
> Task :expo-json-utils:bundleDebugAar UP-TO-DATE
> Task :expo-json-utils:assembleDebug UP-TO-DATE
> Task :expo-log-box:extractDebugAnnotations UP-TO-DATE
> Task :expo-log-box:mergeDebugGeneratedProguardFiles UP-TO-DATE
> Task :expo-log-box:mergeDebugConsumerProguardFiles UP-TO-DATE
> Task :expo-log-box:mergeDebugJavaResource UP-TO-DATE
> Task :react-native-gesture-handler:compileDebugKotlin UP-TO-DATE
> Task :expo-log-box:syncDebugLibJars UP-TO-DATE
> Task :expo-modules-core:extractDebugAnnotations UP-TO-DATE
> Task :expo-log-box:bundleDebugAar UP-TO-DATE
> Task :expo-modules-core:extractDeepLinksForAarDebug UP-TO-DATE
> Task :expo-log-box:assembleDebug UP-TO-DATE
> Task :expo-modules-core:mergeDebugGeneratedProguardFiles UP-TO-DATE
> Task :expo-speech-recognition:extractDebugAnnotations UP-TO-DATE
> Task :expo-modules-core:mergeDebugConsumerProguardFiles UP-TO-DATE
> Task :expo-modules-core:prepareDebugArtProfile UP-TO-DATE
> Task :expo-speech-recognition:mergeDebugGeneratedProguardFiles UP-TO-DATE
> Task :expo-modules-core:prepareLintJarForPublish UP-TO-DATE
> Task :expo-manifests:extractDebugAnnotations UP-TO-DATE
> Task :expo-speech-recognition:mergeDebugConsumerProguardFiles UP-TO-DATE
> Task :expo-speech-recognition:mergeDebugJavaResource UP-TO-DATE
> Task :expo-modules-core:mergeDebugJavaResource UP-TO-DATE
> Task :expo-manifests:mergeDebugGeneratedProguardFiles UP-TO-DATE
> Task :expo-speech-recognition:syncDebugLibJars UP-TO-DATE
> Task :expo-manifests:mergeDebugConsumerProguardFiles UP-TO-DATE
> Task :expo-modules-core:syncDebugLibJars UP-TO-DATE
> Task :expo-speech-recognition:bundleDebugAar UP-TO-DATE
> Task :react-native-gesture-handler:compileDebugJavaWithJavac UP-TO-DATE
> Task :expo-speech-recognition:assembleDebug UP-TO-DATE
> Task :react-native-gesture-handler:bundleLibCompileToJarDebug UP-TO-DATE
> Task :react-native-gesture-handler:bundleLibRuntimeToJarDebug UP-TO-DATE
> Task :react-native-reanimated:extractDebugAnnotations UP-TO-DATE
> Task :expo-updates-interface:extractDebugAnnotations UP-TO-DATE
> Task :expo-manifests:mergeDebugJavaResource UP-TO-DATE
> Task :expo-updates-interface:mergeDebugGeneratedProguardFiles UP-TO-DATE
> Task :expo-updates-interface:mergeDebugConsumerProguardFiles UP-TO-DATE
> Task :expo-manifests:syncDebugLibJars UP-TO-DATE
> Task :expo-updates-interface:mergeDebugJavaResource UP-TO-DATE
> Task :react-native-gesture-handler:processDebugJavaRes UP-TO-DATE
> Task :expo-manifests:bundleDebugAar UP-TO-DATE
> Task :expo-updates-interface:syncDebugLibJars UP-TO-DATE
> Task :expo-manifests:assembleDebug UP-TO-DATE
> Task :react-native-reanimated:extractDeepLinksForAarDebug UP-TO-DATE
> Task :expo-updates-interface:bundleDebugAar UP-TO-DATE
> Task :expo-updates-interface:assembleDebug UP-TO-DATE
> Task :react-native-reanimated:mergeDebugGeneratedProguardFiles UP-TO-DATE
> Task :react-native-gesture-handler:extractDebugAnnotations UP-TO-DATE
> Task :react-native-reanimated:mergeDebugConsumerProguardFiles UP-TO-DATE
> Task :react-native-gesture-handler:mergeDebugGeneratedProguardFiles UP-TO-DATE
> Task :react-native-gesture-handler:mergeDebugConsumerProguardFiles UP-TO-DATE
> Task :react-native-reanimated:prepareDebugArtProfile UP-TO-DATE
> Task :react-native-gesture-handler:mergeDebugJavaResource UP-TO-DATE
> Task :react-native-reanimated:prepareLintJarForPublish UP-TO-DATE
> Task :react-native-gesture-handler:syncDebugLibJars UP-TO-DATE
> Task :react-native-reanimated:mergeDebugJavaResource UP-TO-DATE
> Task :react-native-reanimated:syncDebugLibJars UP-TO-DATE
> Task :expo-dev-menu:compileDebugKotlin UP-TO-DATE

> Task :expo-constants:createExpoConfig
The NODE_ENV environment variable is required but was not specified. Ensure the project is bundled with Expo CLI or NODE_ENV is set. Using only .env.local and .env

> Task :expo-constants:preBuild
> Task :expo-constants:preDebugBuild
> Task :app:preBuild
> Task :app:preDebugBuild
> Task :expo-constants:writeDebugAarMetadata UP-TO-DATE
> Task :app:mergeDebugNativeDebugMetadata NO-SOURCE
> Task :app:generateDebugBuildConfig UP-TO-DATE
> Task :expo-constants:generateDebugResValues UP-TO-DATE
> Task :expo-constants:generateDebugResources UP-TO-DATE
> Task :expo-constants:packageDebugResources UP-TO-DATE
> Task :expo-constants:extractDeepLinksDebug UP-TO-DATE
> Task :expo-constants:processDebugManifest UP-TO-DATE
> Task :expo-constants:compileDebugLibraryResources UP-TO-DATE
> Task :expo-constants:parseDebugLocalResources UP-TO-DATE
> Task :expo-constants:generateDebugRFile UP-TO-DATE
> Task :expo-constants:checkKotlinGradlePluginConfigurationErrors SKIPPED
> Task :expo-constants:generateDebugBuildConfig UP-TO-DATE
> Task :app:checkDebugAarMetadata UP-TO-DATE
> Task :app:generateDebugResValues UP-TO-DATE
> Task :expo-constants:compileDebugKotlin UP-TO-DATE
> Task :expo-constants:javaPreCompileDebug UP-TO-DATE
> Task :app:mapDebugSourceSetPaths UP-TO-DATE
> Task :app:generateDebugResources UP-TO-DATE
> Task :expo-constants:compileDebugJavaWithJavac UP-TO-DATE
> Task :expo-constants:bundleLibCompileToJarDebug UP-TO-DATE
> Task :expo-constants:mergeDebugShaders UP-TO-DATE
> Task :expo-constants:compileDebugShaders NO-SOURCE
> Task :app:mergeDebugResources UP-TO-DATE
> Task :expo-constants:generateDebugAssets UP-TO-DATE
> Task :expo-constants:mergeDebugAssets UP-TO-DATE
> Task :expo-constants:bundleLibRuntimeToJarDebug UP-TO-DATE
> Task :expo-constants:processDebugJavaRes UP-TO-DATE
> Task :expo-constants:mergeDebugJniLibFolders UP-TO-DATE
> Task :expo-constants:mergeDebugNativeLibs NO-SOURCE
> Task :expo-constants:copyDebugJniLibsProjectOnly UP-TO-DATE
> Task :expo-constants:stripDebugDebugSymbols NO-SOURCE
> Task :expo-constants:copyDebugJniLibsProjectAndLocalJars UP-TO-DATE
> Task :expo-constants:extractDebugAnnotations UP-TO-DATE
> Task :expo-constants:extractDeepLinksForAarDebug UP-TO-DATE
> Task :expo-constants:mergeDebugGeneratedProguardFiles UP-TO-DATE
> Task :expo-constants:mergeDebugConsumerProguardFiles UP-TO-DATE
> Task :app:packageDebugResources
> Task :expo-constants:prepareDebugArtProfile UP-TO-DATE
> Task :expo-constants:prepareLintJarForPublish UP-TO-DATE
> Task :expo-constants:mergeDebugJavaResource UP-TO-DATE
> Task :expo-constants:syncDebugLibJars UP-TO-DATE
> Task :expo-constants:bundleDebugAar UP-TO-DATE
> Task :expo-constants:assembleDebug UP-TO-DATE
> Task :app:createDebugCompatibleScreenManifests UP-TO-DATE
> Task :app:extractDeepLinksDebug UP-TO-DATE
> Task :app:processDebugMainManifest UP-TO-DATE
> Task :app:expoDebugOverrideMaxSdkConflicts UP-TO-DATE
> Task :app:processDebugManifest UP-TO-DATE
> Task :app:processDebugManifestForPackage UP-TO-DATE
> Task :app:parseDebugLocalResources
> Task :app:javaPreCompileDebug UP-TO-DATE
> Task :app:processDebugResources FAILED

> Task :react-native-screens:configureCMakeDebug[arm64-v8a] FAILED
C/C++: CMake Deprecation Warning at CMakeLists.txt:1 (cmake_minimum_required):
C/C++:   Compatibility with CMake < 3.10 will be removed from a future version of
C/C++:   CMake.
C/C++:   Update the VERSION argument <min> value.  Or, use the <min>...<max> syntax
C/C++:   to tell CMake that the project requires at least <min> but has been updated
C/C++:   to work with policies introduced by <max> or earlier.
C/C++: CMake Deprecation Warning at /data/data/com.termux/files/home/android-sdk/ndk/27.1.12297006/build/cmake/android.toolchain.cmake:35 (cmake_minimum_required):
C/C++:   Compatibility with CMake < 3.10 will be removed from a future version of
C/C++:   CMake.
C/C++:   Update the VERSION argument <min> value.  Or, use the <min>...<max> syntax
C/C++:   to tell CMake that the project requires at least <min> but has been updated
C/C++:   to work with policies introduced by <max> or earlier.
C/C++: Call Stack (most recent call first):
C/C++:   /data/data/com.termux/files/usr/share/cmake-4.3/Modules/CMakeDetermineSystem.cmake:146 (include)
C/C++:   CMakeLists.txt:3 (project)
C/C++: CMake Deprecation Warning at /data/data/com.termux/files/home/android-sdk/ndk/27.1.12297006/build/cmake/android-legacy.toolchain.cmake:35 (cmake_minimum_required):
C/C++:   Compatibility with CMake < 3.10 will be removed from a future version of
C/C++:   CMake.
C/C++:   Update the VERSION argument <min> value.  Or, use the <min>...<max> syntax
C/C++:   to tell CMake that the project requires at least <min> but has been updated
C/C++:   to work with policies introduced by <max> or earlier.
C/C++: Call Stack (most recent call first):
C/C++:   /data/data/com.termux/files/home/android-sdk/ndk/27.1.12297006/build/cmake/android.toolchain.cmake:55 (include)
C/C++:   /data/data/com.termux/files/usr/share/cmake-4.3/Modules/CMakeDetermineSystem.cmake:146 (include)
C/C++:   CMakeLists.txt:3 (project)
C/C++: CMake Deprecation Warning at /data/data/com.termux/files/home/android-sdk/ndk/27.1.12297006/build/cmake/android.toolchain.cmake:35 (cmake_minimum_required):
C/C++:   Compatibility with CMake < 3.10 will be removed from a future version of
C/C++:   CMake.
C/C++:   Update the VERSION argument <min> value.  Or, use the <min>...<max> syntax
C/C++:   to tell CMake that the project requires at least <min> but has been updated
C/C++:   to work with policies introduced by <max> or earlier.
C/C++: Call Stack (most recent call first):
C/C++:   .cxx/Debug/6k5g2b70/arm64-v8a/CMakeFiles/4.3.4/CMakeSystem.cmake:6 (include)
C/C++:   CMakeLists.txt:3 (project)
C/C++: CMake Error at CMakeLists.txt:3 (project):
C/C++:   The CMAKE_C_COMPILER:
C/C++:     /data/data/com.termux/files/home/android-sdk/ndk/27.1.12297006/toolchains/llvm/prebuilt/bin/clang
C/C++:   is not a full path to an existing compiler tool.
C/C++:   Tell CMake where to find the compiler by setting either the environment
C/C++:   variable "CC" or the CMake cache entry CMAKE_C_COMPILER to the full path to
C/C++:   the compiler, or to the compiler name if it is in the PATH.
C/C++: CMake Error at CMakeLists.txt:3 (project):
C/C++:   The CMAKE_CXX_COMPILER:
C/C++:     /data/data/com.termux/files/home/android-sdk/ndk/27.1.12297006/toolchains/llvm/prebuilt/bin/clang++
C/C++:   is not a full path to an existing compiler tool.
C/C++:   Tell CMake where to find the compiler by setting either the environment
C/C++:   variable "CXX" or the CMake cache entry CMAKE_CXX_COMPILER to the full path
C/C++:   to the compiler, or to the compiler name if it is in the PATH.

> Task :react-native-worklets:configureCMakeDebug[arm64-v8a] FAILED
C/C++: CMake Warning (dev) at CMakeLists.txt:1 (project):
C/C++:   cmake_minimum_required() should be called prior to this top-level project()
C/C++:   call.  Please see the cmake-commands(7) manual for usage documentation of
C/C++:   both commands.
C/C++: This warning is for project developers.  Use -Wno-dev to suppress it.
C/C++: CMake Deprecation Warning at /data/data/com.termux/files/home/android-sdk/ndk/27.1.12297006/build/cmake/android.toolchain.cmake:35 (cmake_minimum_required):
C/C++:   Compatibility with CMake < 3.10 will be removed from a future version of
C/C++:   CMake.
C/C++:   Update the VERSION argument <min> value.  Or, use the <min>...<max> syntax
C/C++:   to tell CMake that the project requires at least <min> but has been updated
C/C++:   to work with policies introduced by <max> or earlier.
C/C++: Call Stack (most recent call first):
C/C++:   /data/data/com.termux/files/usr/share/cmake-4.3/Modules/CMakeDetermineSystem.cmake:146 (include)
C/C++:   CMakeLists.txt:1 (project)
C/C++: CMake Deprecation Warning at /data/data/com.termux/files/home/android-sdk/ndk/27.1.12297006/build/cmake/android-legacy.toolchain.cmake:35 (cmake_minimum_required):
C/C++:   Compatibility with CMake < 3.10 will be removed from a future version of
C/C++:   CMake.
C/C++:   Update the VERSION argument <min> value.  Or, use the <min>...<max> syntax
C/C++:   to tell CMake that the project requires at least <min> but has been updated
C/C++:   to work with policies introduced by <max> or earlier.
C/C++: Call Stack (most recent call first):
C/C++:   /data/data/com.termux/files/home/android-sdk/ndk/27.1.12297006/build/cmake/android.toolchain.cmake:55 (include)
C/C++:   /data/data/com.termux/files/usr/share/cmake-4.3/Modules/CMakeDetermineSystem.cmake:146 (include)
C/C++:   CMakeLists.txt:1 (project)
C/C++: CMake Deprecation Warning at /data/data/com.termux/files/home/android-sdk/ndk/27.1.12297006/build/cmake/android.toolchain.cmake:35 (cmake_minimum_required):
C/C++:   Compatibility with CMake < 3.10 will be removed from a future version of
C/C++:   CMake.
C/C++:   Update the VERSION argument <min> value.  Or, use the <min>...<max> syntax
C/C++:   to tell CMake that the project requires at least <min> but has been updated
C/C++:   to work with policies introduced by <max> or earlier.
C/C++: Call Stack (most recent call first):
C/C++:   .cxx/Debug/4n336c66/arm64-v8a/CMakeFiles/4.3.4/CMakeSystem.cmake:6 (include)
C/C++:   CMakeLists.txt:1 (project)
C/C++: CMake Error at CMakeLists.txt:1 (project):
C/C++:   The CMAKE_C_COMPILER:
C/C++:     /data/data/com.termux/files/home/android-sdk/ndk/27.1.12297006/toolchains/llvm/prebuilt/bin/clang
C/C++:   is not a full path to an existing compiler tool.
C/C++:   Tell CMake where to find the compiler by setting either the environment
C/C++:   variable "CC" or the CMake cache entry CMAKE_C_COMPILER to the full path to
C/C++:   the compiler, or to the compiler name if it is in the PATH.
C/C++: CMake Error at CMakeLists.txt:1 (project):
C/C++:   The CMAKE_CXX_COMPILER:
C/C++:     /data/data/com.termux/files/home/android-sdk/ndk/27.1.12297006/toolchains/llvm/prebuilt/bin/clang++
C/C++:   is not a full path to an existing compiler tool.
C/C++:   Tell CMake where to find the compiler by setting either the environment
C/C++:   variable "CXX" or the CMake cache entry CMAKE_CXX_COMPILER to the full path
C/C++:   to the compiler, or to the compiler name if it is in the PATH.

> Task :expo-dev-menu:compileDebugJavaWithJavac

[Incubating] Problems report is available at: file:///data/data/com.termux/files/home/VoiceTimer/android/build/reports/problems/problems-report.html

FAILURE: Build completed with 3 failures.

1: Task failed with an exception.
-----------
* What went wrong:
Execution failed for task ':app:processDebugResources'.
> Could not isolate parameters com.android.build.gradle.internal.dependency.AarResourcesCompilerTransform$Parameters_Decorated@5d0c1937 of artifact transform AarResourcesCompilerTransform
   > Could not isolate value com.android.build.gradle.internal.dependency.AarResourcesCompilerTransform$Parameters_Decorated@5d0c1937 of type AarResourcesCompilerTransform.Parameters
      > A build operation failed.
            The contents of the immutable workspace '/data/data/com.termux/files/home/.gradle/caches/9.3.1/transforms/243ceb3a696c26ae2d7699807b93d0b1' have been modified. These workspace directories are not supposed to be modified once they are created. The modification might have been caused by an external process, or could be the result of disk corruption.
        outputDirectory:
         - transformed (Directory, 5e4003566b2df9e623a67afbde9ef880)
           - aapt2-8.12.0-13700139-linux (Directory, 1db5cd6a62b6dc94bad1d1a3445a714b)
             - META-INF (Directory, 62201c3d4318cd9722213462a9beb0c3)
               - MANIFEST.MF (RegularFile, a49aab3a41159b47bbddf92fa9f43c18)
             - NOTICE (RegularFile, 009795c253a41b062fe0860cc34f7fa9)
        
        resultsFile:
         - results.bin (RegularFile, 78e46be081290d6ee4413b5d8521ee43)

         > The contents of the immutable workspace '/data/data/com.termux/files/home/.gradle/caches/9.3.1/transforms/243ceb3a696c26ae2d7699807b93d0b1' have been modified. These workspace directories are not supposed to be modified once they are created. The modification might have been caused by an external process, or could be the result of disk corruption.
           outputDirectory:
            - transformed (Directory, 5e4003566b2df9e623a67afbde9ef880)
              - aapt2-8.12.0-13700139-linux (Directory, 1db5cd6a62b6dc94bad1d1a3445a714b)
                - META-INF (Directory, 62201c3d4318cd9722213462a9beb0c3)
                  - MANIFEST.MF (RegularFile, a49aab3a41159b47bbddf92fa9f43c18)
                - NOTICE (RegularFile, 009795c253a41b062fe0860cc34f7fa9)
           
           resultsFile:
            - results.bin (RegularFile, 78e46be081290d6ee4413b5d8521ee43)


* Try:
> Run the 'artifactTransforms' report task to view details about registered transforms.
> Review the documentation on Artifact Transforms at https://docs.gradle.org/9.3.1/userguide/artifact_transforms.html.
> Run with --stacktrace option to get the stack trace.
> Run with --info or --debug option to get more log output.
> Run with --scan to get full insights from a Build Scan (powered by Develocity).
> Get more help at https://help.gradle.org.
==============================================================================

2: Task failed with an exception.
-----------
* What went wrong:
Execution failed for task ':react-native-screens:configureCMakeDebug[arm64-v8a]'.
> [CXX1429] error when building with cmake using /data/data/com.termux/files/home/VoiceTimer/node_modules/react-native-screens/android/CMakeLists.txt: -- The C compiler identification is unknown
  -- The CXX compiler identification is unknown
  -- Configuring incomplete, errors occurred!
  
  C++ build system [configure] failed while executing:
      /data/data/com.termux/files/home/android-sdk/cmake/3.22.1/bin/cmake \
        -H/data/data/com.termux/files/home/VoiceTimer/node_modules/react-native-screens/android \
        -DCMAKE_SYSTEM_NAME=Android \
        -DCMAKE_EXPORT_COMPILE_COMMANDS=ON \
        -DCMAKE_SYSTEM_VERSION=24 \
        -DANDROID_PLATFORM=android-24 \
        -DANDROID_ABI=arm64-v8a \
        -DCMAKE_ANDROID_ARCH_ABI=arm64-v8a \
        -DANDROID_NDK=/data/data/com.termux/files/home/android-sdk/ndk/27.1.12297006 \
        -DCMAKE_ANDROID_NDK=/data/data/com.termux/files/home/android-sdk/ndk/27.1.12297006 \
        -DCMAKE_TOOLCHAIN_FILE=/data/data/com.termux/files/home/android-sdk/ndk/27.1.12297006/build/cmake/android.toolchain.cmake \
        -DCMAKE_MAKE_PROGRAM=/data/data/com.termux/files/home/android-sdk/cmake/3.22.1/bin/ninja \
        -DCMAKE_LIBRARY_OUTPUT_DIRECTORY=/data/data/com.termux/files/home/VoiceTimer/node_modules/react-native-screens/android/build/intermediates/cxx/Debug/6k5g2b70/obj/arm64-v8a \
        -DCMAKE_RUNTIME_OUTPUT_DIRECTORY=/data/data/com.termux/files/home/VoiceTimer/node_modules/react-native-screens/android/build/intermediates/cxx/Debug/6k5g2b70/obj/arm64-v8a \
        -DCMAKE_BUILD_TYPE=Debug \
        -DCMAKE_FIND_ROOT_PATH=/data/data/com.termux/files/home/VoiceTimer/node_modules/react-native-screens/android/.cxx/Debug/6k5g2b70/prefab/arm64-v8a/prefab \
        -B/data/data/com.termux/files/home/VoiceTimer/node_modules/react-native-screens/android/.cxx/Debug/6k5g2b70/arm64-v8a \
        -GNinja \
        -DANDROID_STL=c++_shared \
        -DANDROID_SUPPORT_FLEXIBLE_PAGE_SIZES=ON
    from /data/data/com.termux/files/home/VoiceTimer/node_modules/react-native-screens/android
  CMake Deprecation Warning at CMakeLists.txt:1 (cmake_minimum_required):
    Compatibility with CMake < 3.10 will be removed from a future version of
    CMake.
  
    Update the VERSION argument <min> value.  Or, use the <min>...<max> syntax
    to tell CMake that the project requires at least <min> but has been updated
    to work with policies introduced by <max> or earlier.
  
  
  CMake Deprecation Warning at /data/data/com.termux/files/home/android-sdk/ndk/27.1.12297006/build/cmake/android.toolchain.cmake:35 (cmake_minimum_required):
    Compatibility with CMake < 3.10 will be removed from a future version of
    CMake.
  
    Update the VERSION argument <min> value.  Or, use the <min>...<max> syntax
    to tell CMake that the project requires at least <min> but has been updated
    to work with policies introduced by <max> or earlier.
  Call Stack (most recent call first):
    /data/data/com.termux/files/usr/share/cmake-4.3/Modules/CMakeDetermineSystem.cmake:146 (include)
    CMakeLists.txt:3 (project)
  
  
  CMake Deprecation Warning at /data/data/com.termux/files/home/android-sdk/ndk/27.1.12297006/build/cmake/android-legacy.toolchain.cmake:35 (cmake_minimum_required):
    Compatibility with CMake < 3.10 will be removed from a future version of
    CMake.
  
    Update the VERSION argument <min> value.  Or, use the <min>...<max> syntax
    to tell CMake that the project requires at least <min> but has been updated
    to work with policies introduced by <max> or earlier.
  Call Stack (most recent call first):
    /data/data/com.termux/files/home/android-sdk/ndk/27.1.12297006/build/cmake/android.toolchain.cmake:55 (include)
    /data/data/com.termux/files/usr/share/cmake-4.3/Modules/CMakeDetermineSystem.cmake:146 (include)
    CMakeLists.txt:3 (project)
  
  
  CMake Deprecation Warning at /data/data/com.termux/files/home/android-sdk/ndk/27.1.12297006/build/cmake/android.toolchain.cmake:35 (cmake_minimum_required):
    Compatibility with CMake < 3.10 will be removed from a future version of
    CMake.
  
    Update the VERSION argument <min> value.  Or, use the <min>...<max> syntax
    to tell CMake that the project requires at least <min> but has been updated
    to work with policies introduced by <max> or earlier.
  Call Stack (most recent call first):
    .cxx/Debug/6k5g2b70/arm64-v8a/CMakeFiles/4.3.4/CMakeSystem.cmake:6 (include)
    CMakeLists.txt:3 (project)
  
  
  CMake Error at CMakeLists.txt:3 (project):
    The CMAKE_C_COMPILER:
  
      /data/data/com.termux/files/home/android-sdk/ndk/27.1.12297006/toolchains/llvm/prebuilt/bin/clang
  
    is not a full path to an existing compiler tool.
  
    Tell CMake where to find the compiler by setting either the environment
    variable "CC" or the CMake cache entry CMAKE_C_COMPILER to the full path to
    the compiler, or to the compiler name if it is in the PATH.
  
  
  CMake Error at CMakeLists.txt:3 (project):
    The CMAKE_CXX_COMPILER:
  
      /data/data/com.termux/files/home/android-sdk/ndk/27.1.12297006/toolchains/llvm/prebuilt/bin/clang++
  
    is not a full path to an existing compiler tool.
  
    Tell CMake where to find the compiler by setting either the environment
    variable "CXX" or the CMake cache entry CMAKE_CXX_COMPILER to the full path
    to the compiler, or to the compiler name if it is in the PATH. : com.android.ide.common.process.ProcessException: -- The C compiler identification is unknown
  -- The CXX compiler identification is unknown
  -- Configuring incomplete, errors occurred!
  
  C++ build system [configure] failed while executing:
      /data/data/com.termux/files/home/android-sdk/cmake/3.22.1/bin/cmake \
        -H/data/data/com.termux/files/home/VoiceTimer/node_modules/react-native-screens/android \
        -DCMAKE_SYSTEM_NAME=Android \
        -DCMAKE_EXPORT_COMPILE_COMMANDS=ON \
        -DCMAKE_SYSTEM_VERSION=24 \
        -DANDROID_PLATFORM=android-24 \
        -DANDROID_ABI=arm64-v8a \
        -DCMAKE_ANDROID_ARCH_ABI=arm64-v8a \
        -DANDROID_NDK=/data/data/com.termux/files/home/android-sdk/ndk/27.1.12297006 \
        -DCMAKE_ANDROID_NDK=/data/data/com.termux/files/home/android-sdk/ndk/27.1.12297006 \
        -DCMAKE_TOOLCHAIN_FILE=/data/data/com.termux/files/home/android-sdk/ndk/27.1.12297006/build/cmake/android.toolchain.cmake \
        -DCMAKE_MAKE_PROGRAM=/data/data/com.termux/files/home/android-sdk/cmake/3.22.1/bin/ninja \
        -DCMAKE_LIBRARY_OUTPUT_DIRECTORY=/data/data/com.termux/files/home/VoiceTimer/node_modules/react-native-screens/android/build/intermediates/cxx/Debug/6k5g2b70/obj/arm64-v8a \
        -DCMAKE_RUNTIME_OUTPUT_DIRECTORY=/data/data/com.termux/files/home/VoiceTimer/node_modules/react-native-screens/android/build/intermediates/cxx/Debug/6k5g2b70/obj/arm64-v8a \
        -DCMAKE_BUILD_TYPE=Debug \
        -DCMAKE_FIND_ROOT_PATH=/data/data/com.termux/files/home/VoiceTimer/node_modules/react-native-screens/android/.cxx/Debug/6k5g2b70/prefab/arm64-v8a/prefab \
        -B/data/data/com.termux/files/home/VoiceTimer/node_modules/react-native-screens/android/.cxx/Debug/6k5g2b70/arm64-v8a \
        -GNinja \
        -DANDROID_STL=c++_shared \
        -DANDROID_SUPPORT_FLEXIBLE_PAGE_SIZES=ON
    from /data/data/com.termux/files/home/VoiceTimer/node_modules/react-native-screens/android
  CMake Deprecation Warning at CMakeLists.txt:1 (cmake_minimum_required):
    Compatibility with CMake < 3.10 will be removed from a future version of
    CMake.
  
    Update the VERSION argument <min> value.  Or, use the <min>...<max> syntax
    to tell CMake that the project requires at least <min> but has been updated
    to work with policies introduced by <max> or earlier.
  
  
  CMake Deprecation Warning at /data/data/com.termux/files/home/android-sdk/ndk/27.1.12297006/build/cmake/android.toolchain.cmake:35 (cmake_minimum_required):
    Compatibility with CMake < 3.10 will be removed from a future version of
    CMake.
  
    Update the VERSION argument <min> value.  Or, use the <min>...<max> syntax
    to tell CMake that the project requires at least <min> but has been updated
    to work with policies introduced by <max> or earlier.
  Call Stack (most recent call first):
    /data/data/com.termux/files/usr/share/cmake-4.3/Modules/CMakeDetermineSystem.cmake:146 (include)
    CMakeLists.txt:3 (project)
  
  
  CMake Deprecation Warning at /data/data/com.termux/files/home/android-sdk/ndk/27.1.12297006/build/cmake/android-legacy.toolchain.cmake:35 (cmake_minimum_required):
    Compatibility with CMake < 3.10 will be removed from a future version of
    CMake.
  
    Update the VERSION argument <min> value.  Or, use the <min>...<max> syntax
    to tell CMake that the project requires at least <min> but has been updated
    to work with policies introduced by <max> or earlier.
  Call Stack (most recent call first):
    /data/data/com.termux/files/home/android-sdk/ndk/27.1.12297006/build/cmake/android.toolchain.cmake:55 (include)
    /data/data/com.termux/files/usr/share/cmake-4.3/Modules/CMakeDetermineSystem.cmake:146 (include)
    CMakeLists.txt:3 (project)
  
  
  CMake Deprecation Warning at /data/data/com.termux/files/home/android-sdk/ndk/27.1.12297006/build/cmake/android.toolchain.cmake:35 (cmake_minimum_required):
    Compatibility with CMake < 3.10 will be removed from a future version of
    CMake.
  
    Update the VERSION argument <min> value.  Or, use the <min>...<max> syntax
    to tell CMake that the project requires at least <min> but has been updated
    to work with policies introduced by <max> or earlier.
  Call Stack (most recent call first):
    .cxx/Debug/6k5g2b70/arm64-v8a/CMakeFiles/4.3.4/CMakeSystem.cmake:6 (include)
    CMakeLists.txt:3 (project)
  
  
  CMake Error at CMakeLists.txt:3 (project):
    The CMAKE_C_COMPILER:
  
      /data/data/com.termux/files/home/android-sdk/ndk/27.1.12297006/toolchains/llvm/prebuilt/bin/clang
  
    is not a full path to an existing compiler tool.
  
    Tell CMake where to find the compiler by setting either the environment
    variable "CC" or the CMake cache entry CMAKE_C_COMPILER to the full path to
    the compiler, or to the compiler name if it is in the PATH.
  
  
  CMake Error at CMakeLists.txt:3 (project):
    The CMAKE_CXX_COMPILER:
  
      /data/data/com.termux/files/home/android-sdk/ndk/27.1.12297006/toolchains/llvm/prebuilt/bin/clang++
  
    is not a full path to an existing compiler tool.
  
    Tell CMake where to find the compiler by setting either the environment
    variable "CXX" or the CMake cache entry CMAKE_CXX_COMPILER to the full path
    to the compiler, or to the compiler name if it is in the PATH.
  	at com.android.build.gradle.internal.cxx.process.ExecuteProcessKt.execute(ExecuteProcess.kt:288)
  	at com.android.build.gradle.internal.cxx.process.ExecuteProcessKt$executeProcess$1.invoke(ExecuteProcess.kt:108)
  	at com.android.build.gradle.internal.cxx.process.ExecuteProcessKt$executeProcess$1.invoke(ExecuteProcess.kt:106)
  	at com.android.build.gradle.internal.cxx.timing.TimingEnvironmentKt.time(TimingEnvironment.kt:32)
  	at com.android.build.gradle.internal.cxx.process.ExecuteProcessKt.executeProcess(ExecuteProcess.kt:106)
  	at com.android.build.gradle.internal.cxx.process.ExecuteProcessKt.executeProcess$default(ExecuteProcess.kt:85)
  	at com.android.build.gradle.tasks.CmakeQueryMetadataGenerator.executeProcess(CmakeFileApiMetadataGenerator.kt:59)
  	at com.android.build.gradle.tasks.ExternalNativeJsonGenerator$configureOneAbi$1$1$3.invoke(ExternalNativeJsonGenerator.kt:247)
  	at com.android.build.gradle.tasks.ExternalNativeJsonGenerator$configureOneAbi$1$1$3.invoke(ExternalNativeJsonGenerator.kt:247)
  	at com.android.build.gradle.internal.cxx.timing.TimingEnvironmentKt.time(TimingEnvironment.kt:32)
  	at com.android.build.gradle.tasks.ExternalNativeJsonGenerator.configureOneAbi(ExternalNativeJsonGenerator.kt:247)
  	at com.android.build.gradle.tasks.ExternalNativeJsonGenerator.configure(ExternalNativeJsonGenerator.kt:113)
  	at com.android.build.gradle.tasks.ExternalNativeBuildJsonTask.doTaskAction(ExternalNativeBuildJsonTask.kt:89)
  	at com.android.build.gradle.internal.tasks.UnsafeOutputsTask$taskAction$$inlined$recordTaskAction$1.invoke(BaseTask.kt:59)
  	at com.android.build.gradle.internal.tasks.Blocks.recordSpan(Blocks.java:51)
  	at com.android.build.gradle.internal.tasks.UnsafeOutputsTask.taskAction(UnsafeOutputsTask.kt:81)
  	at java.base/jdk.internal.reflect.DirectMethodHandleAccessor.invoke(DirectMethodHandleAccessor.java:103)
  	at java.base/java.lang.reflect.Method.invoke(Method.java:580)
  	at org.gradle.internal.reflect.JavaMethod.invoke(JavaMethod.java:125)
  	at org.gradle.api.internal.project.taskfactory.StandardTaskAction.doExecute(StandardTaskAction.java:58)
  	at org.gradle.api.internal.project.taskfactory.StandardTaskAction.execute(StandardTaskAction.java:51)
  	at org.gradle.api.internal.project.taskfactory.StandardTaskAction.execute(StandardTaskAction.java:29)
  	at org.gradle.api.internal.tasks.execution.TaskExecution$3.run(TaskExecution.java:259)
  	at org.gradle.internal.operations.DefaultBuildOperationRunner$1.execute(DefaultBuildOperationRunner.java:29)
  	at org.gradle.internal.operations.DefaultBuildOperationRunner$1.execute(DefaultBuildOperationRunner.java:26)
  	at org.gradle.internal.operations.DefaultBuildOperationRunner$2.execute(DefaultBuildOperationRunner.java:66)
  	at org.gradle.internal.operations.DefaultBuildOperationRunner$2.execute(DefaultBuildOperationRunner.java:59)
  	at org.gradle.internal.operations.DefaultBuildOperationRunner.execute(DefaultBuildOperationRunner.java:166)
  	at org.gradle.internal.operations.DefaultBuildOperationRunner.execute(DefaultBuildOperationRunner.java:59)
  	at org.gradle.internal.operations.DefaultBuildOperationRunner.run(DefaultBuildOperationRunner.java:47)
  	at org.gradle.api.internal.tasks.execution.TaskExecution.executeAction(TaskExecution.java:244)
  	at org.gradle.api.internal.tasks.execution.TaskExecution.executeActions(TaskExecution.java:227)
  	at org.gradle.api.internal.tasks.execution.TaskExecution.executeWithPreviousOutputFiles(TaskExecution.java:210)
  	at org.gradle.api.internal.tasks.execution.TaskExecution.execute(TaskExecution.java:176)
  	at org.gradle.internal.execution.steps.ExecuteStep.executeInternal(ExecuteStep.java:110)
  	at org.gradle.internal.execution.steps.ExecuteStep.access$000(ExecuteStep.java:47)
  	at org.gradle.internal.execution.steps.ExecuteStep$1.call(ExecuteStep.java:64)
  	at org.gradle.internal.execution.steps.ExecuteStep$1.call(ExecuteStep.java:61)
  	at org.gradle.internal.operations.DefaultBuildOperationRunner$CallableBuildOperationWorker.execute(DefaultBuildOperationRunner.java:209)
  	at org.gradle.internal.operations.DefaultBuildOperationRunner$CallableBuildOperationWorker.execute(DefaultBuildOperationRunner.java:204)
  	at org.gradle.internal.operations.DefaultBuildOperationRunner$2.execute(DefaultBuildOperationRunner.java:66)
  	at org.gradle.internal.operations.DefaultBuildOperationRunner$2.execute(DefaultBuildOperationRunner.java:59)
  	at org.gradle.internal.operations.DefaultBuildOperationRunner.execute(DefaultBuildOperationRunner.java:166)
  	at org.gradle.internal.operations.DefaultBuildOperationRunner.execute(DefaultBuildOperationRunner.java:59)
  	at org.gradle.internal.operations.DefaultBuildOperationRunner.call(DefaultBuildOperationRunner.java:53)
  	at org.gradle.internal.execution.steps.ExecuteStep.execute(ExecuteStep.java:61)
  	at org.gradle.internal.execution.steps.ExecuteStep.execute(ExecuteStep.java:47)
  	at org.gradle.internal.execution.steps.CancelExecutionStep.execute(CancelExecutionStep.java:42)
  	at org.gradle.internal.execution.steps.TimeoutStep.executeWithoutTimeout(TimeoutStep.java:75)
  	at org.gradle.internal.execution.steps.TimeoutStep.execute(TimeoutStep.java:55)
  	at org.gradle.internal.execution.steps.PreCreateOutputParentsStep.execute(PreCreateOutputParentsStep.java:51)
  	at org.gradle.internal.execution.steps.PreCreateOutputParentsStep.execute(PreCreateOutputParentsStep.java:29)
  	at org.gradle.internal.execution.steps.RemovePreviousOutputsStep.executeMutable(RemovePreviousOutputsStep.java:70)
  	at org.gradle.internal.execution.steps.RemovePreviousOutputsStep.executeMutable(RemovePreviousOutputsStep.java:40)
  	at org.gradle.internal.execution.steps.MutableStep.execute(MutableStep.java:25)
  	at org.gradle.internal.execution.steps.BroadcastChangingOutputsStep.execute(BroadcastChangingOutputsStep.java:62)
  	at org.gradle.internal.execution.steps.BroadcastChangingOutputsStep.execute(BroadcastChangingOutputsStep.java:27)
  	at org.gradle.internal.execution.steps.CaptureOutputsAfterExecutionStep.execute(CaptureOutputsAfterExecutionStep.java:69)
  	at org.gradle.internal.execution.steps.CaptureOutputsAfterExecutionStep.execute(CaptureOutputsAfterExecutionStep.java:46)
  	at org.gradle.internal.execution.steps.ResolveInputChangesStep.executeMutable(ResolveInputChangesStep.java:39)
  	at org.gradle.internal.execution.steps.ResolveInputChangesStep.executeMutable(ResolveInputChangesStep.java:28)
  	at org.gradle.internal.execution.steps.MutableStep.execute(MutableStep.java:25)
  	at org.gradle.internal.execution.steps.BuildCacheStep.executeWithoutCache(BuildCacheStep.java:192)
  	at org.gradle.internal.execution.steps.BuildCacheStep.lambda$execute$1(BuildCacheStep.java:76)
  	at org.gradle.internal.Either$Right.fold(Either.java:176)
  	at org.gradle.internal.execution.caching.CachingState.fold(CachingState.java:62)
  	at org.gradle.internal.execution.steps.BuildCacheStep.execute(BuildCacheStep.java:74)
  	at org.gradle.internal.execution.steps.BuildCacheStep.execute(BuildCacheStep.java:49)
  	at org.gradle.internal.execution.steps.StoreExecutionStateStep.execute(StoreExecutionStateStep.java:46)
  	at org.gradle.internal.execution.steps.StoreExecutionStateStep.execute(StoreExecutionStateStep.java:35)
  	at org.gradle.internal.execution.steps.SkipUpToDateStep.executeBecause(SkipUpToDateStep.java:75)
  	at org.gradle.internal.execution.steps.SkipUpToDateStep.lambda$execute$2(SkipUpToDateStep.java:53)
  	at java.base/java.util.Optional.orElseGet(Optional.java:364)
  	at org.gradle.internal.execution.steps.SkipUpToDateStep.execute(SkipUpToDateStep.java:53)
  	at org.gradle.internal.execution.steps.SkipUpToDateStep.execute(SkipUpToDateStep.java:35)
  	at org.gradle.internal.execution.steps.legacy.MarkSnapshottingInputsFinishedStep.execute(MarkSnapshottingInputsFinishedStep.java:37)
  	at org.gradle.internal.execution.steps.legacy.MarkSnapshottingInputsFinishedStep.execute(MarkSnapshottingInputsFinishedStep.java:27)
  	at org.gradle.internal.execution.steps.ResolveIncrementalCachingStateStep.executeDelegate(ResolveIncrementalCachingStateStep.java:49)
  	at org.gradle.internal.execution.steps.ResolveIncrementalCachingStateStep.executeDelegate(ResolveIncrementalCachingStateStep.java:27)
  	at org.gradle.internal.execution.steps.AbstractResolveCachingStateStep.execute(AbstractResolveCachingStateStep.java:71)
  	at org.gradle.internal.execution.steps.AbstractResolveCachingStateStep.execute(AbstractResolveCachingStateStep.java:39)
  	at org.gradle.internal.execution.steps.ResolveChangesStep.executeMutable(ResolveChangesStep.java:63)
  	at org.gradle.internal.execution.steps.ResolveChangesStep.executeMutable(ResolveChangesStep.java:34)
  	at org.gradle.internal.execution.steps.MutableStep.execute(MutableStep.java:25)
  	at org.gradle.internal.execution.steps.ValidateStep.execute(ValidateStep.java:64)
  	at org.gradle.internal.execution.steps.ValidateStep.execute(ValidateStep.java:42)
  	at org.gradle.internal.execution.steps.AbstractCaptureStateBeforeExecutionStep.execute(AbstractCaptureStateBeforeExecutionStep.java:77)
  	at org.gradle.internal.execution.steps.AbstractCaptureStateBeforeExecutionStep.execute(AbstractCaptureStateBeforeExecutionStep.java:46)
  	at org.gradle.internal.execution.steps.AbstractSkipEmptyWorkStep.executeWithNonEmptySources(AbstractSkipEmptyWorkStep.java:133)
  	at org.gradle.internal.execution.steps.AbstractSkipEmptyWorkStep.execute(AbstractSkipEmptyWorkStep.java:59)
  	at org.gradle.internal.execution.steps.AbstractSkipEmptyWorkStep.execute(AbstractSkipEmptyWorkStep.java:36)
  	at org.gradle.internal.execution.steps.legacy.MarkSnapshottingInputsStartedStep.execute(MarkSnapshottingInputsStartedStep.java:38)
  	at org.gradle.internal.execution.steps.LoadPreviousExecutionStateStep.execute(LoadPreviousExecutionStateStep.java:36)
  	at org.gradle.internal.execution.steps.LoadPreviousExecutionStateStep.execute(LoadPreviousExecutionStateStep.java:23)
  	at org.gradle.internal.execution.steps.HandleStaleOutputsStep.executeMutable(HandleStaleOutputsStep.java:77)
  	at org.gradle.internal.execution.steps.HandleStaleOutputsStep.executeMutable(HandleStaleOutputsStep.java:43)
  	at org.gradle.internal.execution.steps.MutableStep.execute(MutableStep.java:25)
  	at org.gradle.internal.execution.steps.AssignMutableWorkspaceStep.lambda$execute$0(AssignMutableWorkspaceStep.java:35)
  	at org.gradle.api.internal.tasks.execution.TaskExecution$4.withWorkspace(TaskExecution.java:305)
  	at org.gradle.internal.execution.steps.AssignMutableWorkspaceStep.execute(AssignMutableWorkspaceStep.java:31)
  	at org.gradle.internal.execution.steps.AssignMutableWorkspaceStep.execute(AssignMutableWorkspaceStep.java:22)
  	at org.gradle.internal.execution.steps.ChoosePipelineStep.execute(ChoosePipelineStep.java:40)
  	at org.gradle.internal.execution.steps.ChoosePipelineStep.execute(ChoosePipelineStep.java:23)
  	at org.gradle.internal.execution.steps.ExecuteWorkBuildOperationFiringStep.lambda$execute$2(ExecuteWorkBuildOperationFiringStep.java:67)
  	at java.base/java.util.Optional.orElseGet(Optional.java:364)
  	at org.gradle.internal.execution.steps.ExecuteWorkBuildOperationFiringStep.execute(ExecuteWorkBuildOperationFiringStep.java:67)
  	at org.gradle.internal.execution.steps.ExecuteWorkBuildOperationFiringStep.execute(ExecuteWorkBuildOperationFiringStep.java:39)
  	at org.gradle.internal.execution.steps.IdentityCacheStep.execute(IdentityCacheStep.java:46)
  	at org.gradle.internal.execution.steps.IdentityCacheStep.execute(IdentityCacheStep.java:34)
  	at org.gradle.internal.execution.steps.IdentifyStep.execute(IdentifyStep.java:44)
  	at org.gradle.internal.execution.steps.IdentifyStep.execute(IdentifyStep.java:31)
  	at org.gradle.internal.execution.impl.DefaultExecutionEngine$1.execute(DefaultExecutionEngine.java:68)
  	at org.gradle.api.internal.tasks.execution.ExecuteActionsTaskExecuter.executeIfValid(ExecuteActionsTaskExecuter.java:132)
  	at org.gradle.api.internal.tasks.execution.ExecuteActionsTaskExecuter.execute(ExecuteActionsTaskExecuter.java:121)
  	at org.gradle.api.internal.tasks.execution.ProblemsTaskPathTrackingTaskExecuter.execute(ProblemsTaskPathTrackingTaskExecuter.java:41)
  	at org.gradle.api.internal.tasks.execution.FinalizePropertiesTaskExecuter.execute(FinalizePropertiesTaskExecuter.java:46)
  	at org.gradle.api.internal.tasks.execution.ResolveTaskExecutionModeExecuter.execute(ResolveTaskExecutionModeExecuter.java:51)
  	at org.gradle.api.internal.tasks.execution.SkipTaskWithNoActionsExecuter.execute(SkipTaskWithNoActionsExecuter.java:57)
  	at org.gradle.api.internal.tasks.execution.SkipOnlyIfTaskExecuter.execute(SkipOnlyIfTaskExecuter.java:74)
  	at org.gradle.api.internal.tasks.execution.CatchExceptionTaskExecuter.execute(CatchExceptionTaskExecuter.java:36)
  	at org.gradle.api.internal.tasks.execution.EventFiringTaskExecuter$1.executeTask(EventFiringTaskExecuter.java:77)
  	at org.gradle.api.internal.tasks.execution.EventFiringTaskExecuter$1.call(EventFiringTaskExecuter.java:55)
  	at org.gradle.api.internal.tasks.execution.EventFiringTaskExecuter$1.call(EventFiringTaskExecuter.java:52)
  	at org.gradle.internal.operations.DefaultBuildOperationRunner$CallableBuildOperationWorker.execute(DefaultBuildOperationRunner.java:209)
  	at org.gradle.internal.operations.DefaultBuildOperationRunner$CallableBuildOperationWorker.execute(DefaultBuildOperationRunner.java:204)
  	at org.gradle.internal.operations.DefaultBuildOperationRunner$2.execute(DefaultBuildOperationRunner.java:66)
  	at org.gradle.internal.operations.DefaultBuildOperationRunner$2.execute(DefaultBuildOperationRunner.java:59)
  	at org.gradle.internal.operations.DefaultBuildOperationRunner.execute(DefaultBuildOperationRunner.java:166)
  	at org.gradle.internal.operations.DefaultBuildOperationRunner.execute(DefaultBuildOperationRunner.java:59)
  	at org.gradle.internal.operations.DefaultBuildOperationRunner.call(DefaultBuildOperationRunner.java:53)
  	at org.gradle.api.internal.tasks.execution.EventFiringTaskExecuter.execute(EventFiringTaskExecuter.java:52)
  	at org.gradle.execution.plan.DefaultNodeExecutor.executeLocalTaskNode(DefaultNodeExecutor.java:55)
  	at org.gradle.execution.plan.DefaultNodeExecutor.execute(DefaultNodeExecutor.java:34)
  	at org.gradle.execution.taskgraph.DefaultTaskExecutionGraph$InvokeNodeExecutorsAction.execute(DefaultTaskExecutionGraph.java:355)
  	at org.gradle.execution.taskgraph.DefaultTaskExecutionGraph$InvokeNodeExecutorsAction.execute(DefaultTaskExecutionGraph.java:343)
  	at org.gradle.execution.taskgraph.DefaultTaskExecutionGraph$BuildOperationAwareExecutionAction.lambda$execute$0(DefaultTaskExecutionGraph.java:339)
  	at org.gradle.internal.operations.CurrentBuildOperationRef.with(CurrentBuildOperationRef.java:84)
  	at org.gradle.execution.taskgraph.DefaultTaskExecutionGraph$BuildOperationAwareExecutionAction.execute(DefaultTaskExecutionGraph.java:339)
  	at org.gradle.execution.taskgraph.DefaultTaskExecutionGraph$BuildOperationAwareExecutionAction.execute(DefaultTaskExecutionGraph.java:328)
  	at org.gradle.execution.plan.DefaultPlanExecutor$ExecutorWorker.execute(DefaultPlanExecutor.java:459)
  	at org.gradle.execution.plan.DefaultPlanExecutor$ExecutorWorker.run(DefaultPlanExecutor.java:376)
  	at org.gradle.internal.concurrent.ExecutorPolicy$CatchAndRecordFailures.onExecute(ExecutorPolicy.java:64)
  	at org.gradle.internal.concurrent.AbstractManagedExecutor$1.run(AbstractManagedExecutor.java:47)
  	at java.base/java.util.concurrent.ThreadPoolExecutor.runWorker(ThreadPoolExecutor.java:1144)
  	at java.base/java.util.concurrent.ThreadPoolExecutor$Worker.run(ThreadPoolExecutor.java:642)
  	at java.base/java.lang.Thread.run(Thread.java:1583)
  Caused by: com.android.ide.common.process.ProcessException: Error while executing process /data/data/com.termux/files/home/android-sdk/cmake/3.22.1/bin/cmake with arguments {-H/data/data/com.termux/files/home/VoiceTimer/node_modules/react-native-screens/android -DCMAKE_SYSTEM_NAME=Android -DCMAKE_EXPORT_COMPILE_COMMANDS=ON -DCMAKE_SYSTEM_VERSION=24 -DANDROID_PLATFORM=android-24 -DANDROID_ABI=arm64-v8a -DCMAKE_ANDROID_ARCH_ABI=arm64-v8a -DANDROID_NDK=/data/data/com.termux/files/home/android-sdk/ndk/27.1.12297006 -DCMAKE_ANDROID_NDK=/data/data/com.termux/files/home/android-sdk/ndk/27.1.12297006 -DCMAKE_TOOLCHAIN_FILE=/data/data/com.termux/files/home/android-sdk/ndk/27.1.12297006/build/cmake/android.toolchain.cmake -DCMAKE_MAKE_PROGRAM=/data/data/com.termux/files/home/android-sdk/cmake/3.22.1/bin/ninja -DCMAKE_LIBRARY_OUTPUT_DIRECTORY=/data/data/com.termux/files/home/VoiceTimer/node_modules/react-native-screens/android/build/intermediates/cxx/Debug/6k5g2b70/obj/arm64-v8a -DCMAKE_RUNTIME_OUTPUT_DIRECTORY=/data/data/com.termux/files/home/VoiceTimer/node_modules/react-native-screens/android/build/intermediates/cxx/Debug/6k5g2b70/obj/arm64-v8a -DCMAKE_BUILD_TYPE=Debug -DCMAKE_FIND_ROOT_PATH=/data/data/com.termux/files/home/VoiceTimer/node_modules/react-native-screens/android/.cxx/Debug/6k5g2b70/prefab/arm64-v8a/prefab -B/data/data/com.termux/files/home/VoiceTimer/node_modules/react-native-screens/android/.cxx/Debug/6k5g2b70/arm64-v8a -GNinja -DANDROID_STL=c++_shared -DANDROID_SUPPORT_FLEXIBLE_PAGE_SIZES=ON}
  	at com.android.build.gradle.internal.process.GradleProcessResult.buildProcessException(GradleProcessResult.java:73)
  	at com.android.build.gradle.internal.process.GradleProcessResult.assertNormalExitValue(GradleProcessResult.java:48)
  	at com.android.build.gradle.internal.cxx.process.ExecuteProcessKt.execute(ExecuteProcess.kt:277)
  	... 145 more
  Caused by: org.gradle.process.ProcessExecutionException: Process 'command '/data/data/com.termux/files/home/android-sdk/cmake/3.22.1/bin/cmake'' finished with non-zero exit value 1
  	at org.gradle.process.internal.DefaultExecHandle$ExecResultImpl.assertNormalExitValue(DefaultExecHandle.java:454)
  	at com.android.build.gradle.internal.process.GradleProcessResult.assertNormalExitValue(GradleProcessResult.java:46)
  	... 146 more


* Try:
> Run with --stacktrace option to get the stack trace.
> Run with --info or --debug option to get more log output.
> Run with --scan to get full insights from a Build Scan (powered by Develocity).
> Get more help at https://help.gradle.org.
==============================================================================

3: Task failed with an exception.
-----------
* What went wrong:
Execution failed for task ':react-native-worklets:configureCMakeDebug[arm64-v8a]'.
> [CXX1429] error when building with cmake using /data/data/com.termux/files/home/VoiceTimer/node_modules/react-native-worklets/android/CMakeLists.txt: -- The C compiler identification is unknown
  -- The CXX compiler identification is unknown
  -- Configuring incomplete, errors occurred!
  
  C++ build system [configure] failed while executing:
      /data/data/com.termux/files/home/android-sdk/cmake/3.22.1/bin/cmake \
        -H/data/data/com.termux/files/home/VoiceTimer/node_modules/react-native-worklets/android \
        -DCMAKE_SYSTEM_NAME=Android \
        -DCMAKE_EXPORT_COMPILE_COMMANDS=ON \
        -DCMAKE_SYSTEM_VERSION=24 \
        -DANDROID_PLATFORM=android-24 \
        -DANDROID_ABI=arm64-v8a \
        -DCMAKE_ANDROID_ARCH_ABI=arm64-v8a \
        -DANDROID_NDK=/data/data/com.termux/files/home/android-sdk/ndk/27.1.12297006 \
        -DCMAKE_ANDROID_NDK=/data/data/com.termux/files/home/android-sdk/ndk/27.1.12297006 \
        -DCMAKE_TOOLCHAIN_FILE=/data/data/com.termux/files/home/android-sdk/ndk/27.1.12297006/build/cmake/android.toolchain.cmake \
        -DCMAKE_MAKE_PROGRAM=/data/data/com.termux/files/home/android-sdk/cmake/3.22.1/bin/ninja \
        -DCMAKE_LIBRARY_OUTPUT_DIRECTORY=/data/data/com.termux/files/home/VoiceTimer/node_modules/react-native-worklets/android/build/intermediates/cxx/Debug/4n336c66/obj/arm64-v8a \
        -DCMAKE_RUNTIME_OUTPUT_DIRECTORY=/data/data/com.termux/files/home/VoiceTimer/node_modules/react-native-worklets/android/build/intermediates/cxx/Debug/4n336c66/obj/arm64-v8a \
        -DCMAKE_BUILD_TYPE=Debug \
        -DCMAKE_FIND_ROOT_PATH=/data/data/com.termux/files/home/VoiceTimer/node_modules/react-native-worklets/android/.cxx/Debug/4n336c66/prefab/arm64-v8a/prefab \
        -B/data/data/com.termux/files/home/VoiceTimer/node_modules/react-native-worklets/android/.cxx/Debug/4n336c66/arm64-v8a \
        -GNinja \
        -DANDROID_STL=c++_shared \
        -DANDROID_TOOLCHAIN=clang \
        -DREACT_NATIVE_DIR=/data/data/com.termux/files/home/VoiceTimer/node_modules/react-native \
        -DIS_REANIMATED_EXAMPLE_APP=false \
        -DWORKLETS_FETCH_PREVIEW_ENABLED=false \
        -DWORKLETS_PROFILING=false \
        -DWORKLETS_VERSION=0.10.1 \
        -DANDROID_SUPPORT_FLEXIBLE_PAGE_SIZES=ON \
        -DWORKLETS_FEATURE_FLAGS=[RUNTIME_TEST_FLAG:false][ENABLE_CROSS_RUNTIME_STACK_TRACES:true][FETCH_PREVIEW_ENABLED:false][IOS_DYNAMIC_FRAMERATE_ENABLED:true] \
        -DHERMES_V1_ENABLED=true \
        -DHERMES_ENABLE_DEBUGGER=1
    from /data/data/com.termux/files/home/VoiceTimer/node_modules/react-native-worklets/android
  CMake Warning (dev) at CMakeLists.txt:1 (project):
    cmake_minimum_required() should be called prior to this top-level project()
    call.  Please see the cmake-commands(7) manual for usage documentation of
    both commands.
  This warning is for project developers.  Use -Wno-dev to suppress it.
  
  CMake Deprecation Warning at /data/data/com.termux/files/home/android-sdk/ndk/27.1.12297006/build/cmake/android.toolchain.cmake:35 (cmake_minimum_required):
    Compatibility with CMake < 3.10 will be removed from a future version of
    CMake.
  
    Update the VERSION argument <min> value.  Or, use the <min>...<max> syntax
    to tell CMake that the project requires at least <min> but has been updated
    to work with policies introduced by <max> or earlier.
  Call Stack (most recent call first):
    /data/data/com.termux/files/usr/share/cmake-4.3/Modules/CMakeDetermineSystem.cmake:146 (include)
    CMakeLists.txt:1 (project)
  
  
  CMake Deprecation Warning at /data/data/com.termux/files/home/android-sdk/ndk/27.1.12297006/build/cmake/android-legacy.toolchain.cmake:35 (cmake_minimum_required):
    Compatibility with CMake < 3.10 will be removed from a future version of
    CMake.
  
    Update the VERSION argument <min> value.  Or, use the <min>...<max> syntax
    to tell CMake that the project requires at least <min> but has been updated
    to work with policies introduced by <max> or earlier.
  Call Stack (most recent call first):
    /data/data/com.termux/files/home/android-sdk/ndk/27.1.12297006/build/cmake/android.toolchain.cmake:55 (include)
    /data/data/com.termux/files/usr/share/cmake-4.3/Modules/CMakeDetermineSystem.cmake:146 (include)
    CMakeLists.txt:1 (project)
  
  
  CMake Deprecation Warning at /data/data/com.termux/files/home/android-sdk/ndk/27.1.12297006/build/cmake/android.toolchain.cmake:35 (cmake_minimum_required):
    Compatibility with CMake < 3.10 will be removed from a future version of
    CMake.
  
    Update the VERSION argument <min> value.  Or, use the <min>...<max> syntax
    to tell CMake that the project requires at least <min> but has been updated
    to work with policies introduced by <max> or earlier.
  Call Stack (most recent call first):
    .cxx/Debug/4n336c66/arm64-v8a/CMakeFiles/4.3.4/CMakeSystem.cmake:6 (include)
    CMakeLists.txt:1 (project)
  
  
  CMake Error at CMakeLists.txt:1 (project):
    The CMAKE_C_COMPILER:
  
      /data/data/com.termux/files/home/android-sdk/ndk/27.1.12297006/toolchains/llvm/prebuilt/bin/clang
  
    is not a full path to an existing compiler tool.
  
    Tell CMake where to find the compiler by setting either the environment
    variable "CC" or the CMake cache entry CMAKE_C_COMPILER to the full path to
    the compiler, or to the compiler name if it is in the PATH.
  
  
  CMake Error at CMakeLists.txt:1 (project):
    The CMAKE_CXX_COMPILER:
  
      /data/data/com.termux/files/home/android-sdk/ndk/27.1.12297006/toolchains/llvm/prebuilt/bin/clang++
  
    is not a full path to an existing compiler tool.
  
    Tell CMake where to find the compiler by setting either the environment
    variable "CXX" or the CMake cache entry CMAKE_CXX_COMPILER to the full path
    to the compiler, or to the compiler name if it is in the PATH. : com.android.ide.common.process.ProcessException: -- The C compiler identification is unknown
  -- The CXX compiler identification is unknown
  -- Configuring incomplete, errors occurred!
  
  C++ build system [configure] failed while executing:
      /data/data/com.termux/files/home/android-sdk/cmake/3.22.1/bin/cmake \
        -H/data/data/com.termux/files/home/VoiceTimer/node_modules/react-native-worklets/android \
        -DCMAKE_SYSTEM_NAME=Android \
        -DCMAKE_EXPORT_COMPILE_COMMANDS=ON \
        -DCMAKE_SYSTEM_VERSION=24 \
        -DANDROID_PLATFORM=android-24 \
        -DANDROID_ABI=arm64-v8a \
        -DCMAKE_ANDROID_ARCH_ABI=arm64-v8a \
        -DANDROID_NDK=/data/data/com.termux/files/home/android-sdk/ndk/27.1.12297006 \
        -DCMAKE_ANDROID_NDK=/data/data/com.termux/files/home/android-sdk/ndk/27.1.12297006 \
        -DCMAKE_TOOLCHAIN_FILE=/data/data/com.termux/files/home/android-sdk/ndk/27.1.12297006/build/cmake/android.toolchain.cmake \
        -DCMAKE_MAKE_PROGRAM=/data/data/com.termux/files/home/android-sdk/cmake/3.22.1/bin/ninja \
        -DCMAKE_LIBRARY_OUTPUT_DIRECTORY=/data/data/com.termux/files/home/VoiceTimer/node_modules/react-native-worklets/android/build/intermediates/cxx/Debug/4n336c66/obj/arm64-v8a \
        -DCMAKE_RUNTIME_OUTPUT_DIRECTORY=/data/data/com.termux/files/home/VoiceTimer/node_modules/react-native-worklets/android/build/intermediates/cxx/Debug/4n336c66/obj/arm64-v8a \
        -DCMAKE_BUILD_TYPE=Debug \
        -DCMAKE_FIND_ROOT_PATH=/data/data/com.termux/files/home/VoiceTimer/node_modules/react-native-worklets/android/.cxx/Debug/4n336c66/prefab/arm64-v8a/prefab \
        -B/data/data/com.termux/files/home/VoiceTimer/node_modules/react-native-worklets/android/.cxx/Debug/4n336c66/arm64-v8a \
        -GNinja \
        -DANDROID_STL=c++_shared \
        -DANDROID_TOOLCHAIN=clang \
        -DREACT_NATIVE_DIR=/data/data/com.termux/files/home/VoiceTimer/node_modules/react-native \
        -DIS_REANIMATED_EXAMPLE_APP=false \
        -DWORKLETS_FETCH_PREVIEW_ENABLED=false \
        -DWORKLETS_PROFILING=false \
        -DWORKLETS_VERSION=0.10.1 \
        -DANDROID_SUPPORT_FLEXIBLE_PAGE_SIZES=ON \
        -DWORKLETS_FEATURE_FLAGS=[RUNTIME_TEST_FLAG:false][ENABLE_CROSS_RUNTIME_STACK_TRACES:true][FETCH_PREVIEW_ENABLED:false][IOS_DYNAMIC_FRAMERATE_ENABLED:true] \
        -DHERMES_V1_ENABLED=true \
        -DHERMES_ENABLE_DEBUGGER=1
    from /data/data/com.termux/files/home/VoiceTimer/node_modules/react-native-worklets/android
  CMake Warning (dev) at CMakeLists.txt:1 (project):
    cmake_minimum_required() should be called prior to this top-level project()
    call.  Please see the cmake-commands(7) manual for usage documentation of
    both commands.
  This warning is for project developers.  Use -Wno-dev to suppress it.
  
  CMake Deprecation Warning at /data/data/com.termux/files/home/android-sdk/ndk/27.1.12297006/build/cmake/android.toolchain.cmake:35 (cmake_minimum_required):
    Compatibility with CMake < 3.10 will be removed from a future version of
    CMake.
  
    Update the VERSION argument <min> value.  Or, use the <min>...<max> syntax
    to tell CMake that the project requires at least <min> but has been updated
    to work with policies introduced by <max> or earlier.
  Call Stack (most recent call first):
    /data/data/com.termux/files/usr/share/cmake-4.3/Modules/CMakeDetermineSystem.cmake:146 (include)
    CMakeLists.txt:1 (project)
  
  
  CMake Deprecation Warning at /data/data/com.termux/files/home/android-sdk/ndk/27.1.12297006/build/cmake/android-legacy.toolchain.cmake:35 (cmake_minimum_required):
    Compatibility with CMake < 3.10 will be removed from a future version of
    CMake.
  
    Update the VERSION argument <min> value.  Or, use the <min>...<max> syntax
    to tell CMake that the project requires at least <min> but has been updated
    to work with policies introduced by <max> or earlier.
  Call Stack (most recent call first):
    /data/data/com.termux/files/home/android-sdk/ndk/27.1.12297006/build/cmake/android.toolchain.cmake:55 (include)
    /data/data/com.termux/files/usr/share/cmake-4.3/Modules/CMakeDetermineSystem.cmake:146 (include)
    CMakeLists.txt:1 (project)
  
  
  CMake Deprecation Warning at /data/data/com.termux/files/home/android-sdk/ndk/27.1.12297006/build/cmake/android.toolchain.cmake:35 (cmake_minimum_required):
    Compatibility with CMake < 3.10 will be removed from a future version of
    CMake.
  
    Update the VERSION argument <min> value.  Or, use the <min>...<max> syntax
    to tell CMake that the project requires at least <min> but has been updated
    to work with policies introduced by <max> or earlier.
  Call Stack (most recent call first):
    .cxx/Debug/4n336c66/arm64-v8a/CMakeFiles/4.3.4/CMakeSystem.cmake:6 (include)
    CMakeLists.txt:1 (project)
  
  
  CMake Error at CMakeLists.txt:1 (project):
    The CMAKE_C_COMPILER:
  
      /data/data/com.termux/files/home/android-sdk/ndk/27.1.12297006/toolchains/llvm/prebuilt/bin/clang
  
    is not a full path to an existing compiler tool.
  
    Tell CMake where to find the compiler by setting either the environment
    variable "CC" or the CMake cache entry CMAKE_C_COMPILER to the full path to
    the compiler, or to the compiler name if it is in the PATH.
  
  
  CMake Error at CMakeLists.txt:1 (project):
    The CMAKE_CXX_COMPILER:
  
      /data/data/com.termux/files/home/android-sdk/ndk/27.1.12297006/toolchains/llvm/prebuilt/bin/clang++
  
    is not a full path to an existing compiler tool.
  
    Tell CMake where to find the compiler by setting either the environment
    variable "CXX" or the CMake cache entry CMAKE_CXX_COMPILER to the full path
    to the compiler, or to the compiler name if it is in the PATH.
  	at com.android.build.gradle.internal.cxx.process.ExecuteProcessKt.execute(ExecuteProcess.kt:288)
  	at com.android.build.gradle.internal.cxx.process.ExecuteProcessKt$executeProcess$1.invoke(ExecuteProcess.kt:108)
  	at com.android.build.gradle.internal.cxx.process.ExecuteProcessKt$executeProcess$1.invoke(ExecuteProcess.kt:106)
  	at com.android.build.gradle.internal.cxx.timing.TimingEnvironmentKt.time(TimingEnvironment.kt:32)
  	at com.android.build.gradle.internal.cxx.process.ExecuteProcessKt.executeProcess(ExecuteProcess.kt:106)
  	at com.android.build.gradle.internal.cxx.process.ExecuteProcessKt.executeProcess$default(ExecuteProcess.kt:85)
  	at com.android.build.gradle.tasks.CmakeQueryMetadataGenerator.executeProcess(CmakeFileApiMetadataGenerator.kt:59)
  	at com.android.build.gradle.tasks.ExternalNativeJsonGenerator$configureOneAbi$1$1$3.invoke(ExternalNativeJsonGenerator.kt:247)
  	at com.android.build.gradle.tasks.ExternalNativeJsonGenerator$configureOneAbi$1$1$3.invoke(ExternalNativeJsonGenerator.kt:247)
  	at com.android.build.gradle.internal.cxx.timing.TimingEnvironmentKt.time(TimingEnvironment.kt:32)
  	at com.android.build.gradle.tasks.ExternalNativeJsonGenerator.configureOneAbi(ExternalNativeJsonGenerator.kt:247)
  	at com.android.build.gradle.tasks.ExternalNativeJsonGenerator.configure(ExternalNativeJsonGenerator.kt:113)
  	at com.android.build.gradle.tasks.ExternalNativeBuildJsonTask.doTaskAction(ExternalNativeBuildJsonTask.kt:89)
  	at com.android.build.gradle.internal.tasks.UnsafeOutputsTask$taskAction$$inlined$recordTaskAction$1.invoke(BaseTask.kt:59)
  	at com.android.build.gradle.internal.tasks.Blocks.recordSpan(Blocks.java:51)
  	at com.android.build.gradle.internal.tasks.UnsafeOutputsTask.taskAction(UnsafeOutputsTask.kt:81)
  	at java.base/jdk.internal.reflect.DirectMethodHandleAccessor.invoke(DirectMethodHandleAccessor.java:103)
  	at java.base/java.lang.reflect.Method.invoke(Method.java:580)
  	at org.gradle.internal.reflect.JavaMethod.invoke(JavaMethod.java:125)
  	at org.gradle.api.internal.project.taskfactory.StandardTaskAction.doExecute(StandardTaskAction.java:58)
  	at org.gradle.api.internal.project.taskfactory.StandardTaskAction.execute(StandardTaskAction.java:51)
  	at org.gradle.api.internal.project.taskfactory.StandardTaskAction.execute(StandardTaskAction.java:29)
  	at org.gradle.api.internal.tasks.execution.TaskExecution$3.run(TaskExecution.java:259)
  	at org.gradle.internal.operations.DefaultBuildOperationRunner$1.execute(DefaultBuildOperationRunner.java:29)
  	at org.gradle.internal.operations.DefaultBuildOperationRunner$1.execute(DefaultBuildOperationRunner.java:26)
  	at org.gradle.internal.operations.DefaultBuildOperationRunner$2.execute(DefaultBuildOperationRunner.java:66)
  	at org.gradle.internal.operations.DefaultBuildOperationRunner$2.execute(DefaultBuildOperationRunner.java:59)
  	at org.gradle.internal.operations.DefaultBuildOperationRunner.execute(DefaultBuildOperationRunner.java:166)
  	at org.gradle.internal.operations.DefaultBuildOperationRunner.execute(DefaultBuildOperationRunner.java:59)
  	at org.gradle.internal.operations.DefaultBuildOperationRunner.run(DefaultBuildOperationRunner.java:47)
  	at org.gradle.api.internal.tasks.execution.TaskExecution.executeAction(TaskExecution.java:244)
  	at org.gradle.api.internal.tasks.execution.TaskExecution.executeActions(TaskExecution.java:227)
  	at org.gradle.api.internal.tasks.execution.TaskExecution.executeWithPreviousOutputFiles(TaskExecution.java:210)
  	at org.gradle.api.internal.tasks.execution.TaskExecution.execute(TaskExecution.java:176)
  	at org.gradle.internal.execution.steps.ExecuteStep.executeInternal(ExecuteStep.java:110)
  	at org.gradle.internal.execution.steps.ExecuteStep.access$000(ExecuteStep.java:47)
  	at org.gradle.internal.execution.steps.ExecuteStep$1.call(ExecuteStep.java:64)
  	at org.gradle.internal.execution.steps.ExecuteStep$1.call(ExecuteStep.java:61)
  	at org.gradle.internal.operations.DefaultBuildOperationRunner$CallableBuildOperationWorker.execute(DefaultBuildOperationRunner.java:209)
  	at org.gradle.internal.operations.DefaultBuildOperationRunner$CallableBuildOperationWorker.execute(DefaultBuildOperationRunner.java:204)
  	at org.gradle.internal.operations.DefaultBuildOperationRunner$2.execute(DefaultBuildOperationRunner.java:66)
  	at org.gradle.internal.operations.DefaultBuildOperationRunner$2.execute(DefaultBuildOperationRunner.java:59)
  	at org.gradle.internal.operations.DefaultBuildOperationRunner.execute(DefaultBuildOperationRunner.java:166)
  	at org.gradle.internal.operations.DefaultBuildOperationRunner.execute(DefaultBuildOperationRunner.java:59)
  	at org.gradle.internal.operations.DefaultBuildOperationRunner.call(DefaultBuildOperationRunner.java:53)
  	at org.gradle.internal.execution.steps.ExecuteStep.execute(ExecuteStep.java:61)
  	at org.gradle.internal.execution.steps.ExecuteStep.execute(ExecuteStep.java:47)
  	at org.gradle.internal.execution.steps.CancelExecutionStep.execute(CancelExecutionStep.java:42)
  	at org.gradle.internal.execution.steps.TimeoutStep.executeWithoutTimeout(TimeoutStep.java:75)
  	at org.gradle.internal.execution.steps.TimeoutStep.execute(TimeoutStep.java:55)
  	at org.gradle.internal.execution.steps.PreCreateOutputParentsStep.execute(PreCreateOutputParentsStep.java:51)
  	at org.gradle.internal.execution.steps.PreCreateOutputParentsStep.execute(PreCreateOutputParentsStep.java:29)
  	at org.gradle.internal.execution.steps.RemovePreviousOutputsStep.executeMutable(RemovePreviousOutputsStep.java:70)
  	at org.gradle.internal.execution.steps.RemovePreviousOutputsStep.executeMutable(RemovePreviousOutputsStep.java:40)
  	at org.gradle.internal.execution.steps.MutableStep.execute(MutableStep.java:25)
  	at org.gradle.internal.execution.steps.BroadcastChangingOutputsStep.execute(BroadcastChangingOutputsStep.java:62)
  	at org.gradle.internal.execution.steps.BroadcastChangingOutputsStep.execute(BroadcastChangingOutputsStep.java:27)
  	at org.gradle.internal.execution.steps.CaptureOutputsAfterExecutionStep.execute(CaptureOutputsAfterExecutionStep.java:69)
  	at org.gradle.internal.execution.steps.CaptureOutputsAfterExecutionStep.execute(CaptureOutputsAfterExecutionStep.java:46)
  	at org.gradle.internal.execution.steps.ResolveInputChangesStep.executeMutable(ResolveInputChangesStep.java:39)
  	at org.gradle.internal.execution.steps.ResolveInputChangesStep.executeMutable(ResolveInputChangesStep.java:28)
  	at org.gradle.internal.execution.steps.MutableStep.execute(MutableStep.java:25)
  	at org.gradle.internal.execution.steps.BuildCacheStep.executeWithoutCache(BuildCacheStep.java:192)
  	at org.gradle.internal.execution.steps.BuildCacheStep.lambda$execute$1(BuildCacheStep.java:76)
  	at org.gradle.internal.Either$Right.fold(Either.java:176)
  	at org.gradle.internal.execution.caching.CachingState.fold(CachingState.java:62)
  	at org.gradle.internal.execution.steps.BuildCacheStep.execute(BuildCacheStep.java:74)
  	at org.gradle.internal.execution.steps.BuildCacheStep.execute(BuildCacheStep.java:49)
  	at org.gradle.internal.execution.steps.StoreExecutionStateStep.execute(StoreExecutionStateStep.java:46)
  	at org.gradle.internal.execution.steps.StoreExecutionStateStep.execute(StoreExecutionStateStep.java:35)
  	at org.gradle.internal.execution.steps.SkipUpToDateStep.executeBecause(SkipUpToDateStep.java:75)
  	at org.gradle.internal.execution.steps.SkipUpToDateStep.lambda$execute$2(SkipUpToDateStep.java:53)
  	at java.base/java.util.Optional.orElseGet(Optional.java:364)
  	at org.gradle.internal.execution.steps.SkipUpToDateStep.execute(SkipUpToDateStep.java:53)
  	at org.gradle.internal.execution.steps.SkipUpToDateStep.execute(SkipUpToDateStep.java:35)
  	at org.gradle.internal.execution.steps.legacy.MarkSnapshottingInputsFinishedStep.execute(MarkSnapshottingInputsFinishedStep.java:37)
  	at org.gradle.internal.execution.steps.legacy.MarkSnapshottingInputsFinishedStep.execute(MarkSnapshottingInputsFinishedStep.java:27)
  	at org.gradle.internal.execution.steps.ResolveIncrementalCachingStateStep.executeDelegate(ResolveIncrementalCachingStateStep.java:49)
  	at org.gradle.internal.execution.steps.ResolveIncrementalCachingStateStep.executeDelegate(ResolveIncrementalCachingStateStep.java:27)
  	at org.gradle.internal.execution.steps.AbstractResolveCachingStateStep.execute(AbstractResolveCachingStateStep.java:71)
  	at org.gradle.internal.execution.steps.AbstractResolveCachingStateStep.execute(AbstractResolveCachingStateStep.java:39)
  	at org.gradle.internal.execution.steps.ResolveChangesStep.executeMutable(ResolveChangesStep.java:63)
  	at org.gradle.internal.execution.steps.ResolveChangesStep.executeMutable(ResolveChangesStep.java:34)
  	at org.gradle.internal.execution.steps.MutableStep.execute(MutableStep.java:25)
  	at org.gradle.internal.execution.steps.ValidateStep.execute(ValidateStep.java:64)
  	at org.gradle.internal.execution.steps.ValidateStep.execute(ValidateStep.java:42)
  	at org.gradle.internal.execution.steps.AbstractCaptureStateBeforeExecutionStep.execute(AbstractCaptureStateBeforeExecutionStep.java:77)
  	at org.gradle.internal.execution.steps.AbstractCaptureStateBeforeExecutionStep.execute(AbstractCaptureStateBeforeExecutionStep.java:46)
  	at org.gradle.internal.execution.steps.AbstractSkipEmptyWorkStep.executeWithNonEmptySources(AbstractSkipEmptyWorkStep.java:133)
  	at org.gradle.internal.execution.steps.AbstractSkipEmptyWorkStep.execute(AbstractSkipEmptyWorkStep.java:59)
  	at org.gradle.internal.execution.steps.AbstractSkipEmptyWorkStep.execute(AbstractSkipEmptyWorkStep.java:36)
  	at org.gradle.internal.execution.steps.legacy.MarkSnapshottingInputsStartedStep.execute(MarkSnapshottingInputsStartedStep.java:38)
  	at org.gradle.internal.execution.steps.LoadPreviousExecutionStateStep.execute(LoadPreviousExecutionStateStep.java:36)
  	at org.gradle.internal.execution.steps.LoadPreviousExecutionStateStep.execute(LoadPreviousExecutionStateStep.java:23)
  	at org.gradle.internal.execution.steps.HandleStaleOutputsStep.executeMutable(HandleStaleOutputsStep.java:77)
  	at org.gradle.internal.execution.steps.HandleStaleOutputsStep.executeMutable(HandleStaleOutputsStep.java:43)
  	at org.gradle.internal.execution.steps.MutableStep.execute(MutableStep.java:25)
  	at org.gradle.internal.execution.steps.AssignMutableWorkspaceStep.lambda$execute$0(AssignMutableWorkspaceStep.java:35)
  	at org.gradle.api.internal.tasks.execution.TaskExecution$4.withWorkspace(TaskExecution.java:305)
  	at org.gradle.internal.execution.steps.AssignMutableWorkspaceStep.execute(AssignMutableWorkspaceStep.java:31)
  	at org.gradle.internal.execution.steps.AssignMutableWorkspaceStep.execute(AssignMutableWorkspaceStep.java:22)
  	at org.gradle.internal.execution.steps.ChoosePipelineStep.execute(ChoosePipelineStep.java:40)
  	at org.gradle.internal.execution.steps.ChoosePipelineStep.execute(ChoosePipelineStep.java:23)
  	at org.gradle.internal.execution.steps.ExecuteWorkBuildOperationFiringStep.lambda$execute$2(ExecuteWorkBuildOperationFiringStep.java:67)
  	at java.base/java.util.Optional.orElseGet(Optional.java:364)
  	at org.gradle.internal.execution.steps.ExecuteWorkBuildOperationFiringStep.execute(ExecuteWorkBuildOperationFiringStep.java:67)
  	at org.gradle.internal.execution.steps.ExecuteWorkBuildOperationFiringStep.execute(ExecuteWorkBuildOperationFiringStep.java:39)
  	at org.gradle.internal.execution.steps.IdentityCacheStep.execute(IdentityCacheStep.java:46)
  	at org.gradle.internal.execution.steps.IdentityCacheStep.execute(IdentityCacheStep.java:34)
  	at org.gradle.internal.execution.steps.IdentifyStep.execute(IdentifyStep.java:44)
  	at org.gradle.internal.execution.steps.IdentifyStep.execute(IdentifyStep.java:31)
  	at org.gradle.internal.execution.impl.DefaultExecutionEngine$1.execute(DefaultExecutionEngine.java:68)
  	at org.gradle.api.internal.tasks.execution.ExecuteActionsTaskExecuter.executeIfValid(ExecuteActionsTaskExecuter.java:132)
  	at org.gradle.api.internal.tasks.execution.ExecuteActionsTaskExecuter.execute(ExecuteActionsTaskExecuter.java:121)
  	at org.gradle.api.internal.tasks.execution.ProblemsTaskPathTrackingTaskExecuter.execute(ProblemsTaskPathTrackingTaskExecuter.java:41)
  	at org.gradle.api.internal.tasks.execution.FinalizePropertiesTaskExecuter.execute(FinalizePropertiesTaskExecuter.java:46)
  	at org.gradle.api.internal.tasks.execution.ResolveTaskExecutionModeExecuter.execute(ResolveTaskExecutionModeExecuter.java:51)
  	at org.gradle.api.internal.tasks.execution.SkipTaskWithNoActionsExecuter.execute(SkipTaskWithNoActionsExecuter.java:57)
  	at org.gradle.api.internal.tasks.execution.SkipOnlyIfTaskExecuter.execute(SkipOnlyIfTaskExecuter.java:74)
  	at org.gradle.api.internal.tasks.execution.CatchExceptionTaskExecuter.execute(CatchExceptionTaskExecuter.java:36)
  	at org.gradle.api.internal.tasks.execution.EventFiringTaskExecuter$1.executeTask(EventFiringTaskExecuter.java:77)
  	at org.gradle.api.internal.tasks.execution.EventFiringTaskExecuter$1.call(EventFiringTaskExecuter.java:55)
  	at org.gradle.api.internal.tasks.execution.EventFiringTaskExecuter$1.call(EventFiringTaskExecuter.java:52)
  	at org.gradle.internal.operations.DefaultBuildOperationRunner$CallableBuildOperationWorker.execute(DefaultBuildOperationRunner.java:209)
  	at org.gradle.internal.operations.DefaultBuildOperationRunner$CallableBuildOperationWorker.execute(DefaultBuildOperationRunner.java:204)
  	at org.gradle.internal.operations.DefaultBuildOperationRunner$2.execute(DefaultBuildOperationRunner.java:66)
  	at org.gradle.internal.operations.DefaultBuildOperationRunner$2.execute(DefaultBuildOperationRunner.java:59)
  	at org.gradle.internal.operations.DefaultBuildOperationRunner.execute(DefaultBuildOperationRunner.java:166)
  	at org.gradle.internal.operations.DefaultBuildOperationRunner.execute(DefaultBuildOperationRunner.java:59)
  	at org.gradle.internal.operations.DefaultBuildOperationRunner.call(DefaultBuildOperationRunner.java:53)
  	at org.gradle.api.internal.tasks.execution.EventFiringTaskExecuter.execute(EventFiringTaskExecuter.java:52)
  	at org.gradle.execution.plan.DefaultNodeExecutor.executeLocalTaskNode(DefaultNodeExecutor.java:55)
  	at org.gradle.execution.plan.DefaultNodeExecutor.execute(DefaultNodeExecutor.java:34)
  	at org.gradle.execution.taskgraph.DefaultTaskExecutionGraph$InvokeNodeExecutorsAction.execute(DefaultTaskExecutionGraph.java:355)
  	at org.gradle.execution.taskgraph.DefaultTaskExecutionGraph$InvokeNodeExecutorsAction.execute(DefaultTaskExecutionGraph.java:343)
  	at org.gradle.execution.taskgraph.DefaultTaskExecutionGraph$BuildOperationAwareExecutionAction.lambda$execute$0(DefaultTaskExecutionGraph.java:339)
  	at org.gradle.internal.operations.CurrentBuildOperationRef.with(CurrentBuildOperationRef.java:84)
  	at org.gradle.execution.taskgraph.DefaultTaskExecutionGraph$BuildOperationAwareExecutionAction.execute(DefaultTaskExecutionGraph.java:339)
  	at org.gradle.execution.taskgraph.DefaultTaskExecutionGraph$BuildOperationAwareExecutionAction.execute(DefaultTaskExecutionGraph.java:328)
  	at org.gradle.execution.plan.DefaultPlanExecutor$ExecutorWorker.execute(DefaultPlanExecutor.java:459)
  	at org.gradle.execution.plan.DefaultPlanExecutor$ExecutorWorker.run(DefaultPlanExecutor.java:376)
  	at org.gradle.internal.concurrent.ExecutorPolicy$CatchAndRecordFailures.onExecute(ExecutorPolicy.java:64)
  	at org.gradle.internal.concurrent.AbstractManagedExecutor$1.run(AbstractManagedExecutor.java:47)
  	at java.base/java.util.concurrent.ThreadPoolExecutor.runWorker(ThreadPoolExecutor.java:1144)
  	at java.base/java.util.concurrent.ThreadPoolExecutor$Worker.run(ThreadPoolExecutor.java:642)
  	at java.base/java.lang.Thread.run(Thread.java:1583)
  Caused by: com.android.ide.common.process.ProcessException: Error while executing process /data/data/com.termux/files/home/android-sdk/cmake/3.22.1/bin/cmake with arguments {-H/data/data/com.termux/files/home/VoiceTimer/node_modules/react-native-worklets/android -DCMAKE_SYSTEM_NAME=Android -DCMAKE_EXPORT_COMPILE_COMMANDS=ON -DCMAKE_SYSTEM_VERSION=24 -DANDROID_PLATFORM=android-24 -DANDROID_ABI=arm64-v8a -DCMAKE_ANDROID_ARCH_ABI=arm64-v8a -DANDROID_NDK=/data/data/com.termux/files/home/android-sdk/ndk/27.1.12297006 -DCMAKE_ANDROID_NDK=/data/data/com.termux/files/home/android-sdk/ndk/27.1.12297006 -DCMAKE_TOOLCHAIN_FILE=/data/data/com.termux/files/home/android-sdk/ndk/27.1.12297006/build/cmake/android.toolchain.cmake -DCMAKE_MAKE_PROGRAM=/data/data/com.termux/files/home/android-sdk/cmake/3.22.1/bin/ninja -DCMAKE_LIBRARY_OUTPUT_DIRECTORY=/data/data/com.termux/files/home/VoiceTimer/node_modules/react-native-worklets/android/build/intermediates/cxx/Debug/4n336c66/obj/arm64-v8a -DCMAKE_RUNTIME_OUTPUT_DIRECTORY=/data/data/com.termux/files/home/VoiceTimer/node_modules/react-native-worklets/android/build/intermediates/cxx/Debug/4n336c66/obj/arm64-v8a -DCMAKE_BUILD_TYPE=Debug -DCMAKE_FIND_ROOT_PATH=/data/data/com.termux/files/home/VoiceTimer/node_modules/react-native-worklets/android/.cxx/Debug/4n336c66/prefab/arm64-v8a/prefab -B/data/data/com.termux/files/home/VoiceTimer/node_modules/react-native-worklets/android/.cxx/Debug/4n336c66/arm64-v8a -GNinja -DANDROID_STL=c++_shared -DANDROID_TOOLCHAIN=clang -DREACT_NATIVE_DIR=/data/data/com.termux/files/home/VoiceTimer/node_modules/react-native -DIS_REANIMATED_EXAMPLE_APP=false -DWORKLETS_FETCH_PREVIEW_ENABLED=false -DWORKLETS_PROFILING=false -DWORKLETS_VERSION=0.10.1 -DANDROID_SUPPORT_FLEXIBLE_PAGE_SIZES=ON -DWORKLETS_FEATURE_FLAGS=[RUNTIME_TEST_FLAG:false][ENABLE_CROSS_RUNTIME_STACK_TRACES:true][FETCH_PREVIEW_ENABLED:false][IOS_DYNAMIC_FRAMERATE_ENABLED:true] -DHERMES_V1_ENABLED=true -DHERMES_ENABLE_DEBUGGER=1}
  	at com.android.build.gradle.internal.process.GradleProcessResult.buildProcessException(GradleProcessResult.java:73)
  	at com.android.build.gradle.internal.process.GradleProcessResult.assertNormalExitValue(GradleProcessResult.java:48)
  	at com.android.build.gradle.internal.cxx.process.ExecuteProcessKt.execute(ExecuteProcess.kt:277)
  	... 145 more
  Caused by: org.gradle.process.ProcessExecutionException: Process 'command '/data/data/com.termux/files/home/android-sdk/cmake/3.22.1/bin/cmake'' finished with non-zero exit value 1
  	at org.gradle.process.internal.DefaultExecHandle$ExecResultImpl.assertNormalExitValue(DefaultExecHandle.java:454)
  	at com.android.build.gradle.internal.process.GradleProcessResult.assertNormalExitValue(GradleProcessResult.java:46)
  	... 146 more


* Try:
> Run with --stacktrace option to get the stack trace.
> Run with --info or --debug option to get more log output.
> Run with --scan to get full insights from a Build Scan (powered by Develocity).
> Get more help at https://help.gradle.org.
==============================================================================

Deprecated Gradle features were used in this build, making it incompatible with Gradle 10.

You can use '--warning-mode all' to show the individual deprecation warnings and determine if they come from your own scripts or plugins.

For more on this, please refer to https://docs.gradle.org/9.3.1/userguide/command_line_interface.html#sec:command_line_warnings in the Gradle documentation.

BUILD FAILED in 19s
547 actionable tasks: 10 executed, 537 up-to-date
